seq_id,seq_type,R_1,R_2,R_3,R_4,R_5,R_6,R_7,R_8,R_9,R_10,R_11,R_12,R_13,R_14,R_15,R_16,R_17,R_18,R_19,R_20,R_21,R_22,R_23,R_24,R_25,R_26,R_27,R_28,R_29,R_30,R_31,R_32,R_33,R_34,R_35,R_36,R_37,R_38,R_39,R_40,R_41,R_42,R_43,R_44,R_45,R_46,R_47,R_48,R_49,R_50,R_51,R_52,R_53,R_54,R_55,R_56,R_57,R_58,R_59,R_60,R_61,R_62,R_63,R_64,R_65,R_66,R_67,R_68,R_69,R_70,R_71,R_72,R_73,R_74,R_75,R_76,R_77,R_78,R_79,R_80,R_81,R_82,R_83,R_84,R_85,R_86,R_87,R_88,R_89,R_90,R_91,R_92,R_93,R_94,R_95,R_96,R_97,R_98,R_99,R_100,R_101,R_102,R_103,R_104,R_105,R_106,R_107,R_108,R_109,R_110,R_111,R_112,R_113,R_114,R_115,R_116,R_117,R_118,R_119,R_120,R_121,R_122,R_123,R_124,R_125,R_126,R_127,R_128,R_129,R_130,R_131,R_132,R_133,R_134,R_135,R_136,R_137,R_138,R_139,R_140,R_141,R_142,R_143,R_144,R_145,R_146,R_147,R_148,R_149,R_150,R_151,R_152,R_153,R_154,R_155,R_156,R_157,R_158,R_159,R_160,R_161,R_162,R_163,R_164,R_165,R_166,R_167,R_168,R_169,R_170,R_171,R_172,R_173,R_174,R_175,R_176,R_177,R_178,R_179,R_180,R_181
pair_3059_binder,Binder,,,,,,,,,,,,,,,,,,,,,,,,,,,,,,,,,,-0.0002,,,,,,,,,,,,,,,-0.0,,,,,,-0.0019,,,-0.0024,0.2088,0.2928,0.0245,0.1947,,,,,,,,,,,,,,,,,-0.0451,,-0.0285,,0.0009,,,,0.0173,0.0394,0.2799,-0.0035,-0.0449,0.2915,-0.0017,-0.0699,,-0.0,,,,,,,,,,-0.0008,-0.0001,-0.0037,-0.0,-0.0045,-0.1564,-0.11,-0.1233,-0.0758,-0.0365,-0.051,0.2251,0.0183,-0.0156,0.4266,,-0.1302,-0.0,-0.0021,,,,,,,,,,,,,,,,,0.0274,,,,0.0089,,,-0.0,,,,,,,,,,,-0.0296,0.0914,,-0.0,0.3909,0.2702,-0.0001,-0.0126,-0.0436,-0.0047,,,-0.0001,,,,,,,,,,
pair_3062_binder,Binder,,,,,,,,,,,,,,,,,,,,,,,,,,,,,,,,,,,,,,,,,,,,,,,,,-0.0011,-0.0,-0.0028,-0.2716,,,-0.4627,-0.0,,-0.0259,-0.0874,,0.6719,-0.2551,,,,,,,,,,,,,,,,,-0.0715,,-0.5909,,0.4119,-0.0,,,0.0962,0.1929,0.1033,,,-0.426,,-0.2056,,-0.0,,,,,,,,,,-0.0056,-0.0028,-0.2097,-0.0885,-0.0532,,,,-0.0,-0.2345,-0.2949,0.1098,,,0.0371,-0.0313,0.0267,-0.0022,-0.0091,,,,,,,,,,,,,,,,,-0.6219,-0.0001,-0.0004,,,,,-0.0017,,,-0.0,,,,,-0.0006,-0.0,-0.0,0.1942,0.174,-0.0001,-0.096,0.0722,0.0055,,-0.0014,0.2614,,,,,,,,,,,,,,
pair_3063_binder,Binder,,,,,,,,,,,,,,,,,,,,,,,,,,,,,,,,-0.0007,-0.0,-0.0277,,-0.0,,,,,,,,,,,,,-0.0029,-0.1469,-0.0035,-0.0146,,,-0.0069,,-0.0008,-0.0496,0.0456,-0.0003,0.3071,-0.0,,,,,,,,,,,,,,,,,-0.0,,,,0.1042,,,-0.0,0.0204,-0.0251,-0.0246,,-0.1444,0.1756,-0.0039,-0.0044,,,,,,,,,,,-0.0,-0.0,-0.0,-0.0016,-0.0001,-0.1482,-0.0104,-0.0829,-0.1518,-0.026,-0.0086,-0.0001,-0.0202,-0.0213,-0.0166,0.0928,-0.0,-0.0925,-0.0722,-0.1545,,,,,,,,,,,,,,,-0.0,,-0.2997,-0.129,-0.0437,,-0.0,,,,,,,,,,,,-0.0,-0.0005,-0.0825,0.3828,-0.0013,-0.0073,0.2151,0.134,,-0.004,0.2347,-0.0021,,,-0.0,,,,,,,,,,
pair_3066_binder,Binder,,,,,,,,,,,,,,,,,,,,,,,,,,,,,,,,,,,,,,,,,,,,,,,,,-0.007,-0.0,-0.0014,-0.3562,,,-0.2959,,,-0.2603,-0.026,-0.0,0.4805,-0.2196,,,-0.0,,,,,,,,,,,,,,-0.0875,,-0.2862,,0.2276,,,,0.0236,-0.0512,0.1104,,-0.0001,-0.0623,,-0.1446,,-0.0002,,,,,,,,,,-0.1915,-0.1336,-0.0781,-0.0,0.0029,,,-0.0033,-0.0372,0.3194,0.0671,0.1436,,,0.0839,-0.0,0.2413,-0.1537,-0.3004,,,,,,,,,,,,,,,,,-0.1387,-0.0,-0.0,-0.0,0.0,,,-0.0,,,-0.0001,,,,-0.0,-0.0012,,,0.0553,0.316,,-0.0102,-0.0205,0.1718,,-0.0,0.3818,,,,-0.0,,,,,,,,,,
pair_3067_binder,Binder,,,,,,,,,,,,,,,,,,,,,,,,,,,,,,,,,,,,,,,,,,,,,,,,,,,,-0.0012,,,-0.2982,,,-0.0,0.0358,0.1865,0.5946,-0.069,,,,,,,,,,,,,,,,,-0.3228,0.589,0.0758,-0.0,0.788,,,-0.0007,0.0316,-0.1858,-0.0068,,0.6756,0.7512,0.0,-0.1337,,,,,,,,,,,,,,-0.002,-0.0,0.2991,,-0.0,-0.0,-0.0013,-0.072,-0.1603,-0.076,-0.0,,0.1382,,-0.2098,,,,,,,,,,,,,,,,,,,-0.0048,,,,,,,-0.0,,,,,,,,-0.0,,,-0.1749,0.6964,-0.0,-0.0109,0.2536,0.2152,,-0.0002,0.2475,,,,,,,,,,,,,,
pair_3068_binder,Binder,,,,,,,,,,,,,,,,,,,,,,,,,,,,,,,,,,,,,,,,,,,,,,,,,-0.0012,-0.0,-0.0001,-0.0003,,,-0.0267,,,-0.1969,-0.2926,0.0132,0.5254,0.016,,,,,,,,,,,,,,,,,-0.115,,-0.0892,,0.3423,-0.0,,,0.0825,-0.1275,0.1506,,-0.0,0.0203,,-0.0286,,-0.0,,,,,,,,,,-0.1412,-0.0574,-0.0366,,-0.0409,-0.0,0.0003,0.0009,-0.002,-0.0047,-0.3612,-0.0391,-0.0,,0.051,-0.0,0.2034,-0.2411,-0.2078,,,,,,,,,,,,,,,,,0.2221,-0.0007,0.0004,,-0.0,,,-0.0001,,,-0.0,,,,,-0.0001,,-0.0,0.1035,0.4411,,-0.0079,0.0776,0.1834,,-0.0,0.4699,-0.0001,,,-0.0,,,,,,,,,,
pair_3069_binder,Binder,,,,,,,,,,,,,,,,,,,,,,,,,,,,,,,,,,,,,,,,,,,,,,,,,-0.0142,-0.0001,-0.0007,0.0112,,,-0.2661,-0.0074,,-0.1557,-0.0189,0.2399,0.1584,0.0581,,,-0.0001,,,,,,,,,,,,,,-0.4011,,-0.4802,,0.3043,,,,0.0252,0.0848,0.02,,-0.0057,-0.0713,-0.0009,-0.136,,-0.0,,,,,,,,,,-0.008,-0.0,-0.172,,-0.1461,-0.1225,-0.2898,-0.5589,-0.0728,-0.1651,-0.0,0.1279,-0.6601,-0.5982,-0.0024,,-0.3491,,-0.002,,,,,,,,,,,,,,,,,-0.6166,-0.0,-0.1518,,0.0001,,,,,,,,,,,0.0074,,,0.1129,0.1961,,-0.0038,-0.0743,-0.2725,,-0.0,0.1003,,,,,,,,,,,,,,
pair_3070_binder,Binder,,,,,,,,,,,,,,,,,,,,,,,,,,,,,,,,,,,,,,,,,,,,,,,,,-0.0586,-0.0001,-0.0036,-0.0515,,,-0.324,-0.0001,,-0.2596,-0.1056,-0.0225,0.5176,0.0608,,,,,,,,,,,,,,,,,-0.241,,-0.1655,,0.416,-0.0,,,0.1304,0.0428,-0.0951,,,-0.1908,,-0.1524,,-0.004,,-0.0,,,,,,,,-0.0491,-0.0221,-0.2308,-0.0031,-0.0552,,,,,-0.3117,-0.341,-0.1248,,,0.4377,-0.0055,0.0161,-0.0127,-0.1192,,,,,,,,,,,,,,,,,0.0792,-0.0003,-0.0037,,-0.0,,,-0.0001,,,-0.0,,,,-0.0,-0.0024,,,0.0455,0.1479,,-0.0293,0.1215,0.2007,,-0.0015,0.2741,-0.0001,,,-0.0,,,,,,,,,,
pair_3071_binder,Binder,,,,,,,,,,,,,,,,,,,,,,,,,,,,,,,,,,,,,,,,,,,,,,,,-0.0,-0.0036,-0.0,-0.0651,-0.0488,-0.0,-0.0,-0.2663,-0.0022,,-0.0892,0.1491,-0.0006,0.3623,0.1041,,,-0.0,,,,,,,,,,,,,,-0.0015,,0.1406,,0.3355,-0.0014,-0.0,-0.016,0.1036,0.1133,0.0805,,,0.3122,,0.1197,,-0.0009,,,,,,,,,,0.036,0.0152,-0.0119,-0.0,-0.0018,,,,,-0.0135,-0.0262,-0.0155,-0.0011,-0.0015,0.1686,-0.0,-0.0926,0.035,0.0527,,,,,,,,,,,,,,,,,-0.138,-0.0,-0.0057,,-0.0,,,-0.0002,,,-0.0,,,,,-0.0002,,,0.064,0.2394,,-0.0335,-0.0153,-0.0272,,-0.0215,0.1529,,,,,,,,,,,,,,
pair_3072_binder,Binder,,,,,,,,,,,,,,,,,,,,,,,,,,,,,,,,,,,,,,,,,,,,,,,,,,,,-0.0001,,,-0.2399,,,-0.0877,-0.2156,-0.0001,0.5996,-0.3785,,,,,,,,,,,,,,,,,-0.6937,,-0.8071,,0.3199,-0.0001,,-0.0,0.0062,-0.0431,0.1004,,-0.0,-0.2673,,-0.5438,,,,,,,,,,,-0.0,-0.0,-0.0,-0.1744,-0.0192,0.0084,,,,-0.0536,0.119,-0.049,0.2359,,,0.0924,-0.0022,-0.0529,-0.0,-0.0008,,,,,,,,,,,,,,,,,-0.1744,-0.0,-0.0,,,,,-0.0025,-0.0,-0.0,-0.0026,,,,,-0.0004,,-0.0002,0.1751,0.4339,,-0.0077,-0.0085,0.4934,,-0.0005,0.168,,,,,,,,,,,,,,
pair_3073_binder,Binder,,,,,,,,,,,,,,,,,,,,,,,,,,,,,,,,,,,,,,,,,,,,,,,,,-0.0,,,-0.0001,,,-0.0,,,-0.1667,-0.1942,0.0895,0.1989,0.1235,,,,,,,,,,,,,,,,,,,-0.0001,,0.1148,-0.0,,-0.0001,0.0189,-0.0906,0.1374,,-0.0006,0.4558,,-0.0038,,,,,,,,,,,,-0.0162,-0.0096,-0.2663,-0.0,0.1632,-0.0,-0.0007,-0.0069,-0.016,0.1017,-0.0758,-0.0351,-0.0001,-0.0,0.6631,-0.0,0.5645,-0.0323,-0.2238,,,,,,,,,,,,,,,,,0.2852,-0.0003,-0.0019,,-0.0,,,-0.0,,,-0.0001,,,,,-0.0004,,,-0.2064,-0.2892,,-0.0126,-0.3795,-0.0477,,-0.0003,0.1908,,,,,,,,,,,,,,
pair_3074_binder,Binder,,,,,,,,,,,,,,,,,,,,,,,,,,,,,,,,,,,,,,,,,,,,,,,,,-0.0001,,,-0.0014,,,-0.068,-0.0,,-0.0577,-0.0405,-0.0196,0.3273,-0.0803,,,-0.0,,,,,,,,,,,,,,-0.1032,,-0.202,,0.3672,,,-0.0,0.0114,-0.0789,0.0521,,-0.0,0.1966,,-0.1161,,,,,,,,,,,,-0.0,-0.0,-0.1921,,0.1183,-0.0,-0.0,-0.0,-0.0014,0.0553,-0.1781,0.2222,-0.0003,-0.0002,0.1132,,-0.2392,-0.0033,-0.0536,,,,,,,,,,,,,,,,,-0.2217,-0.0008,-0.1937,,-0.0,,-0.0,-0.0005,-0.0,,-0.0,-0.0,,,-0.0001,-0.0381,,,0.0135,0.0742,,,0.297,-0.2083,,-0.0,0.0561,-0.0011,,,-0.0003,,,,,,,,,,
pair_3075_binder,Binder,,,,,,,,,,,,,,,,,,,,,,,,,,,,,,,,,,,,,,,,,,,,,,,,,-0.0001,,-0.0,-0.0259,,,-0.1356,-0.0001,,-0.2189,-0.0688,-0.0,0.5187,-0.1649,,,,,,,,,,,,,,,,,-0.2762,,-0.4977,,0.1591,-0.0,,,0.077,0.1549,0.2312,,,-0.1204,,-0.2399,,-0.0,,,,,,,,,-0.0048,-0.006,-0.0021,-0.0348,,-0.0082,,,,-0.0,-0.0596,-0.0478,0.1316,,,0.0658,,-0.0618,-0.0358,-0.2141,,,,,,,,,,,,,,,,,-0.1805,-0.0004,0.0,,,,-0.0,-0.0001,,,-0.0,,,,-0.0,-0.0198,-0.0,-0.0,0.264,0.4457,-0.0,-0.033,-0.009,0.245,,-0.0001,0.2837,-0.0,,,-0.0001,,,,,,,,,,
pair_3076_binder,Binder,,,,,,,,,,,,,,,,,,,,,,,,,,,,,,,,,,-0.0,,,,,,,,,,,,,,-0.0,-0.0007,,-0.0002,-0.0005,,-0.0,-0.069,-0.0,,-0.2068,-0.0525,-0.0,0.2778,-0.0704,,,,,,,,,,,,,,,,,-0.352,,-0.2211,,0.2819,-0.0,,-0.0,0.0254,-0.0868,0.1583,,-0.0,0.2051,,-0.0935,,,,,,,,,,,,-0.0007,-0.0001,0.007,-0.0,0.0953,,,,-0.0037,-0.0357,-0.3053,0.0006,-0.0,-0.0,0.3716,-0.0,0.2794,-0.0053,-0.1211,,,,,,,,,,,,,,,,,0.0048,-0.0002,-0.0313,,,,,-0.0026,-0.0,-0.0,-0.0162,,,,-0.0026,-0.0326,-0.0008,-0.0017,-0.0121,-0.0213,,-0.0045,-0.1747,-0.1635,,-0.0004,0.2336,-0.0,,,-0.0,,,,,,,,,,
pair_3077_binder,Binder,,,,,,,,,,,,,,,,,,,,,,,,,,,,,,,,,,,,,,,,,,,,,,,,,-0.0263,-0.0017,-0.0125,-0.1011,,,-0.1672,-0.0,,-0.1197,0.0082,-0.0001,0.5577,-0.1227,,,,,,,,,,,,,,,,,-0.1186,,-0.4487,,0.2227,-0.0,,,0.1128,-0.065,0.0584,,,-0.2694,,0.0213,,-0.0012,,,,,,,,,,-0.0484,-0.0351,-0.213,-0.005,-0.0136,,,,-0.0,-0.2809,-0.4406,0.0536,-0.0,-0.0,0.0643,-0.0013,0.1596,-0.0115,-0.1141,,,,,,,,,,,,,,,,,-0.4787,-0.0,-0.0001,,,,,-0.01,-0.0,,-0.0001,,,,-0.0,-0.001,,,0.1824,0.1496,-0.0,-0.101,0.0947,0.0259,,-0.0008,0.2063,,,,-0.0,,,,,,,,,,
pair_3078_binder,Binder,,,,,,,,,,,,,,,,,,,,,,,,,,,,,,,,,,,,,,,,,,,,,,,,-0.0,-0.1796,-0.0004,-0.1674,-0.2783,,-0.0,0.0776,,,-0.5784,0.3153,0.023,0.625,0.0279,,,,,,,,,,,,,,,,,0.0955,,-0.0099,,0.1251,,,,0.0116,0.1425,0.417,,-0.0,0.5357,,-0.0023,,-0.0031,,-0.0,,,,,,,,-0.1923,-0.0708,-0.1671,-0.0,0.3018,-0.0,,,-0.0002,-0.1688,-0.3657,-0.1504,-0.0,,0.4952,-0.0,0.152,-0.021,-0.351,,,,,,,,,,,,,,,-0.0,,-0.3627,-0.0,,,,,,,,,,,,,,,,,-0.2067,0.052,,,0.4073,0.5697,,,0.0304,-0.0059,,,-0.0001,,,,,,,,,,
pair_3079_binder,Binder,,,,,,,,,,,,,,,,,,,,,,,,,,,,,,,,,,,,,,,,,,,,,,,,,-0.0027,,-0.0012,-0.0096,,,-0.1009,,,-0.6313,0.0741,0.0519,0.6065,0.1206,,,-0.0,,,,,,,,,,,,,,-0.5072,,-0.189,,0.3539,-0.0,,-0.0,0.0044,0.1393,0.2421,,,0.1131,,-0.0792,,,,,,,,,,,,-0.292,-0.1005,0.0987,,0.156,,,-0.0,0.0681,-0.0063,-0.1264,0.2461,,,0.0438,,-0.4766,-0.3135,-0.6998,,,,,,,,,,,,,,,,,-0.0096,-0.0037,-0.0463,,,,,-0.0,,,-0.0,,,,,-0.0,,,0.2588,0.351,,0.2096,0.1137,-0.2245,,,0.2191,,,,-0.0,,,,,,,,,,
pair_3080_binder,Binder,,,,,,,,,,,,,,,,,,,,,,,,,,,,,,,,,,,,,,,,,,,,,,,,,-0.0008,,,-0.0001,,,-0.0155,,,-0.4618,0.3428,0.3913,0.4365,0.0361,,,,,,,,,,,,,,,,,-0.1951,,-0.0626,,0.2498,-0.0,,,0.0309,-0.0387,-0.0078,,,0.0284,,-0.0253,,-0.0,,,,,,,,,,-0.0202,-0.0099,-0.0726,-0.0,-0.0123,,,,-0.0009,-0.1026,-0.3705,0.0973,-0.0,,0.1699,-0.0001,0.0736,-0.0541,-0.3527,,,,,,,,,,,,,,,-0.0,,0.0962,-0.0064,-0.0006,,-0.0043,-0.008,-0.0001,-0.0286,-0.0001,,-0.0,,,,,-0.0009,,-0.0,0.0446,0.1446,,,0.2669,0.2999,,-0.0,-0.0224,-0.0171,,,-0.0016,,,,,,,,,,
pair_3085_binder,Binder,,,,,,,,,,,,,,,,,,,,,,,,,,,,,,,,-0.0,-0.0,-0.0001,,,,,,,,,,,,,,,,-0.0264,-0.0002,-0.1076,,,-0.0573,,,-0.297,-0.0278,-0.0,0.6094,-0.1018,,,,,,,,,,,,,,,,,-0.1452,,-0.6276,,0.3472,,,,0.0724,-0.0827,-0.1039,,,-0.3183,,-0.2267,,,,,,,,,,,-0.0094,-0.0001,-0.0011,-0.3768,-0.1155,-0.0344,,,,,-0.5518,-0.6295,-0.0475,,,-0.0347,-0.057,-0.136,-0.0024,-0.0033,,,,,,,,,,,,,,,,,-0.0063,-0.0008,-0.0048,,,,,-0.0239,-0.0001,,-0.0001,,,,,-0.0001,,,0.1132,0.1955,-0.0,-0.1114,-0.0236,0.0114,,-0.0019,0.4205,-0.0,,,-0.0,,,,,,,,,,
pair_3086_binder,Binder,,,,,,,,,,,,,,,,,,,,,,,,,,,,,,,,,,-0.0,,,,,,,,,,,,-0.0001,,,-0.194,-0.0,-0.0007,-0.0046,,-0.0,-0.0172,-0.0,,-0.3283,0.2553,-0.0,0.4974,-0.0689,,,,,,,,,,,,,,,,,-0.5398,,-0.3907,,0.2198,-0.0,,-0.0,0.0267,-0.0077,0.3053,,,0.0631,,-0.3243,,,,,,,,,,,-0.1211,-0.0929,-0.0379,-0.1167,-0.0,-0.0449,,,,,-0.0004,-0.0007,0.0549,,,0.4155,,-0.3018,-0.1919,-0.3664,,-0.0,,,,,,,,,,,,,-0.0008,,-0.0062,-0.0086,-0.0021,,,,,,,,,,,,,,-0.0,-0.0064,0.2696,0.2299,-0.0016,-0.1463,0.4467,0.0098,,-0.0153,0.1246,-0.025,,,-0.026,,,,,,,,,,
pair_3087_binder,Binder,,,,,,,,,,,,,,,,,,,,,,,,,,,,,,,,,,-0.0,,,,,,,,,,,,,,,-0.0029,-0.0001,-0.0,0.0129,,,-0.0147,,,-0.0299,-0.1102,0.153,0.159,-0.0475,,,,,,,,,,,,,,,,,-0.3777,,-0.6416,,0.3534,-0.0,,,0.0174,-0.2307,0.0421,,,-0.2045,,-0.2157,,-0.0002,,,,,,,,,,-0.0041,-0.0002,0.1052,-0.0002,0.0996,,,-0.0,-0.0545,-0.0149,-0.0835,0.0447,-0.0002,-0.0,0.344,-0.025,-0.084,-0.0012,-0.0405,,,,,,,,,,,,,,,,,-0.2115,-0.0,-0.0036,,,,,-0.0,,,,,,,-0.0,-0.0,-0.0,-0.0075,0.1336,0.0836,-0.0085,-0.1234,0.0699,0.0742,,-0.0003,0.0793,,,,,,,,,,,,,,
pair_3088_binder,Binder,,,,,,,,,,,,,,,,,,,,,,,,,,,,,,,,,,,,,,,,,,,,,,-0.0,,-0.0,-0.0386,,-0.0012,-0.0111,,,-0.0198,,,-0.2645,0.0077,-0.0,0.2573,-0.0695,,,,,,,,,,,,,,,,,-0.2384,,-0.152,,0.2012,-0.0,,-0.0,0.0927,0.0968,0.1093,,-0.0,0.1177,,-0.048,,-0.0,,,,,,,,,-0.0276,-0.1345,-0.0348,-0.1251,,0.0288,,,,-0.0003,0.0185,-0.055,0.0392,,,0.1532,,-0.1088,-0.2061,-0.2922,,,,,,,,,,,,,,,,,-0.0554,-0.0051,-0.0038,,,,,-0.0,,,-0.0,,,,-0.0,-0.0001,,-0.0,0.2209,0.3998,-0.0,-0.0499,0.0951,0.1368,,-0.005,0.4279,-0.0,,,-0.0002,,,,,,,,,,
pair_3091_binder,Binder,,,,,,,,,,,,,,,,,,,,,,,,,,,,,,,,,,,,,,,,,,,,,,,,,,,-0.0,-0.3748,,,-0.2924,,,-0.1948,-0.0948,0.0823,0.4491,-0.1785,,,,,,,,,,,,,,,,,-0.1761,,-0.5938,,0.3369,-0.0,,,0.0692,-0.2009,0.0329,,-0.0009,-0.0342,,-0.2055,,,,,,,,,,,,-0.0985,-0.0697,-0.1191,-0.0,0.0943,,-0.0001,-0.0407,-0.1293,0.0264,-0.1252,-0.0081,,,0.0758,-0.0,0.3314,-0.0737,-0.1991,,,,,,,,,,,,,,,,,-0.3161,,-0.0,,,,,-0.0,,,-0.0,,,,,-0.0001,,-0.0,0.151,0.2992,-0.0,-0.0418,0.0385,0.1393,,-0.0001,0.3222,,,,,,,,,,,,,,
pair_3092_binder,Binder,,,,,,,,,,,,,,,,,,,,,,,,,,,,,,,,,,,,,,,,,,,,,,,,,-0.0008,,-0.0004,-0.0113,,,-0.0134,,,-0.0611,-0.1086,,0.7036,-0.1259,,,,,,,,,,,,,,,,,-0.4666,,-0.4079,,0.1784,-0.0001,,,0.1343,0.0776,0.0838,,,-0.1762,,-0.0495,,-0.0,,,,,,,,,,-0.0075,-0.0111,0.172,0.0026,-0.1377,,,,-0.0,-0.0868,-0.3045,-0.1132,,,0.6035,0.3988,0.3132,-0.0079,-0.0213,,,,,,,,,,,,,,,,,-0.4285,-0.0,0.0034,,,,,-0.0,-0.0,,-0.0,,,,,-0.0017,,-0.0,0.1306,0.2518,-0.0,-0.0284,-0.0265,0.0455,,-0.0014,0.2565,,,,,,,,,,,,,,
pair_3098_binder,Binder,,,,,,,,,,,,,,,,,,,,,,,,,,,,,,,,,,,,,,,,,,,,,,,,-0.0,-0.0054,-0.0,-0.0123,-0.0195,-0.0002,-0.0,-0.0849,-0.0014,,-0.2548,-0.0115,-0.0299,0.2666,0.127,,-0.0,-0.0024,-0.0,,,,,,,,,,,,,0.037,,0.2135,,0.3632,,,-0.0001,0.0068,0.1243,0.1971,,-0.0,0.3169,,0.0619,,,,,,,,,,,,-0.0082,-0.0021,-0.2396,,0.0765,,-0.0,-0.0,-0.0001,-0.0624,-0.074,0.1505,-0.012,-0.0076,0.0641,,-0.3821,-0.0046,-0.0578,,,,,,,,,,,,,,,,,-0.3967,-0.0001,-0.0316,,-0.0001,,,,,,,,,,,,,-0.0,0.0067,0.0396,-0.0011,0.0399,-0.0459,-0.1926,,-0.0,-0.0314,-0.0,,,-0.0,,,,,,,,,,
pair_3099_binder,Binder,,,,,,,,,,,,,,,,,,,,,,,,,,,,,,,,,,,,,,,,,,,,,,,,,,,,,,,-0.0,,,0.2989,-0.0329,0.2683,0.0462,-0.0012,,,,,,,,,,,,,,,,,-0.0026,,-0.0114,,0.2743,,,-0.0,-0.0003,-0.112,0.3303,-0.0,-0.0,0.1831,,-0.0004,,,,,,,,,,,,,,,,-0.0025,,,,-0.0004,-0.0064,-0.2453,-0.047,,,0.2627,,-0.5846,-0.0,-0.0,,,,,,,,,,,,,,,,,0.7874,-0.0,-0.011,,-0.0,-0.0,,-0.0041,-0.0,,-0.0175,-0.0,,,-0.0009,-0.0096,-0.0,-0.0008,-0.0821,0.0148,,-0.0,0.0812,0.3457,,-0.0062,0.027,-0.0005,,-0.0,,,,,,,,,,,
pair_3100_binder,Binder,,,,,,,,,,,,,,,,,,,,,,,,,,,,,,,,,,,,,,,,,,,,,,,,,,,,,,,-0.0004,,,-0.0132,-0.0234,-0.0001,0.4506,0.1176,,,,,,,,,,,,,,,,,0.6474,,0.6653,-0.0001,-0.0009,-0.0001,-0.0,-0.0001,0.0493,0.0529,0.4745,-0.0181,-0.0026,0.0276,,0.1287,,,,,,,,,,,,,,0.0023,-0.0253,0.0678,,-0.0001,-0.001,-0.0026,0.2381,-0.0561,0.2327,-0.0,-0.0,-0.1245,-0.1569,-0.7676,,-0.0,,,,,,,,,,,,,,,,,-0.7337,,-0.0022,,-0.0,,,-0.0,,,-0.0001,,,,,-0.0001,,-0.0,0.3079,0.1557,,-0.0202,0.0092,-0.0117,,-0.0031,-0.0402,,,,,,,,,,,,,,
pair_3101_binder,Binder,,,,,,,,,,,,,,,,,,,,,,,,,,,,,,,,,,,,,,,,,,,,,,,,,-0.0006,-0.0,-0.0001,-0.0001,,,-0.0032,,,-0.1933,-0.0589,0.0578,0.287,-0.0052,,,,,,,,,,,,,,,,,-0.3157,,-0.2246,,0.1317,-0.0,-0.0,-0.0002,0.0411,-0.0982,0.0937,,-0.0,0.1584,,-0.077,,,,,,,,,,,,-0.0069,-0.0021,-0.1621,-0.0,0.0395,,-0.0,-0.0,-0.0002,0.0359,-0.0683,0.0449,,,0.3571,-0.0,0.0212,-0.0383,-0.2451,,,,,,,,,,,,,,,,,-0.0472,-0.0017,-0.0227,,-0.0,,-0.0012,-0.0003,,,-0.0,,,,,-0.0002,,-0.0,-0.1515,0.0071,-0.0,-0.0543,-0.2604,-0.1305,,-0.004,0.2393,-0.0002,,,-0.0,,,,,,,,,,
pair_3103_binder,Binder,,,,,,,,,,,,,,,,,,,,,,,,,,,,,,,,,,,,,,,,,,,,,,,,,-0.3301,-0.0185,-0.2112,0.138,-0.0,-0.0001,0.3482,,-0.0,-0.0673,0.1301,-0.0,0.5622,0.0025,,,,,,,,,,,,,,,,,0.7829,,0.1089,,0.0837,-0.0,,-0.0,0.1372,-0.0146,0.068,,,0.5648,,0.026,,-0.0402,,-0.0,,,,,,,,-0.424,-0.2219,-0.0327,0.0,0.0366,,,,-0.0,-0.0215,-0.0373,-0.0016,-0.0,,0.5244,,-0.1205,-0.0026,-0.2137,,,,,,,,,,,,,,,,,-0.1962,-0.0025,-0.0056,,,,,,,,,,,,,-0.0,,,-0.1218,0.4473,,-0.0105,-0.0443,0.0136,,-0.0279,0.0466,,,,,,,,,,,,,,
pair_3104_binder,Binder,,,,,,,,,,,,,,,,,,,,,,,,,,,,,,,,,,,,,,,,,,,,,,,,-0.0,-0.0307,-0.0006,-0.0924,-0.0768,,,-0.0728,,,-0.4572,0.1946,-0.0,0.5775,-0.0168,,,,,,,,,,,,,,,,,-0.2041,,-0.0291,,0.3876,-0.0,,,0.0984,-0.0483,0.0448,,-0.0,0.0917,,0.0326,,-0.0011,,,,,,,,,,-0.1769,-0.0715,-0.0886,-0.0,0.0146,,,-0.0,-0.0026,-0.1939,-0.3431,0.0446,-0.0,-0.0,0.0617,,0.1807,-0.1023,-0.4067,,,,,,,,,,,,,,,,,-0.1973,-0.0,-0.0004,,-0.0,,,-0.0003,-0.0,,-0.0001,,,,,-0.0116,,,0.0251,0.4701,-0.0,-0.0019,0.0334,0.0311,,-0.0,0.3926,-0.0,,,,,,,,,,,,,
pair_3108_binder,Binder,,,,,,,,,,,,,,,,,,,,,,,,,,,,,,,,,,,,,,,,,,,,,,,,,-0.0018,-0.0,-0.0016,0.0024,,,-0.0157,,,-0.2225,-0.0417,-0.0,0.512,-0.0219,,,,,,,,,,,,,,,,,-0.2587,,-0.254,,0.2258,,,-0.0,0.0084,-0.079,0.0581,,-0.0,0.143,,-0.0587,,,,,,,,,,,,-0.0072,-0.0004,0.1029,-0.0001,0.0285,,,-0.0,-0.0326,0.108,-0.1693,0.1197,-0.0,,0.439,-0.0,0.1816,-0.0112,-0.1369,,,,,,,,,,,,,,,,,0.0479,-0.0001,-0.0795,,,,,-0.001,,,-0.0025,,,,-0.0,-0.0009,,-0.0,0.0845,0.0578,-0.0,-0.0158,-0.0221,-0.1249,,-0.0005,0.4887,,,,-0.0,,,,,,,,,,
seq10_binder,Binder,,,,,,,,,,,,,,,,,,,,,,,,,,,,,,,,,,,,,,,,,,,,,,,,,-0.1375,-0.0005,-0.1248,-0.2653,,-0.0,-0.1585,,,-0.4444,0.2198,,0.7278,-0.1537,,,,,,,,,,,,,,,,,-0.4343,,-0.3199,,0.1709,-0.0,,,0.0344,-0.0444,0.0161,,,0.2878,,-0.177,,-0.0036,,,,,,,,,,-0.4057,-0.257,-0.0198,-0.0,0.0231,,-0.0,,-0.0,0.2118,-0.0236,-0.0042,-0.0,,0.3594,,0.1196,-0.2105,-0.5565,,,,,,,,,,,,,,,,,-0.1389,,-0.0009,,-0.0,,,,,,,,,,,-0.0,-0.002,-0.1327,0.1758,0.1754,-0.0735,0.0449,0.2441,-0.1895,-0.0,-0.001,0.0547,,,,,,,,,,,,,,
seq14_binder,Binder,,,,,,,,,,,,,,,,,,,,,,,,,,,,,,,,,,,,,,,,,,,,,,,,,-0.5573,-0.0373,-0.4603,-0.0746,,-0.0,0.0727,,-0.0,-0.4307,0.0959,,0.4539,0.0076,,,,,,,,,,,,,,,,,0.5817,,0.0574,,0.3372,,,,0.0332,0.6642,0.6476,,-0.0,0.1717,,0.585,,-0.0276,,-0.0,,,,,,,,-0.3329,-0.1595,-0.1659,-0.0,0.0,,,,,-0.0107,0.1628,0.3804,,,0.0855,,0.1282,-0.004,-0.1575,,,,,,,,,,,,,,,,,-0.2875,-0.0001,-0.0014,,,,,,,,,,,,,,,,0.4681,0.1001,-0.2076,-0.0029,-0.0164,-0.3669,,,-0.1249,,,,,,,,,,,,,,
seq16_binder,Binder,,,,,,,,,,,,,,,,,,,,,,,,,,,,,,,,,,,,,,,,,,,,,,,,,-0.0488,-0.0002,-0.0386,-0.0797,,,-0.0188,,,-0.0999,0.2624,,0.6031,-0.0063,,,,,,,,,,,,,,,,,0.2066,,0.0911,,0.4953,,,,0.0507,-0.1342,0.1593,,,0.3707,,0.1061,,-0.0019,,,,,,,,,,-0.1455,-0.0626,0.0542,0.0,0.0842,,,-0.0,-0.0124,-0.0814,-0.3348,-0.3244,,,0.1421,-0.0,0.4206,-0.0324,-0.2119,,,,,,,,,,,,,,,,,0.0478,0.0,-0.0001,,,,-0.0001,-0.0,,,-0.0001,,,,-0.0,-0.0064,,,0.1173,0.3915,,-0.0121,0.0823,0.0006,,-0.0001,0.4755,,,,-0.0,,,,,,,,,,
seq17_binder,Binder,,,,,,,,,,,,,,,,,,,,,,,,,,,,,,,,,,,,,,,,,,,,,,,,,-0.2811,-0.0031,-0.0051,0.0766,,,0.5555,,,0.2863,0.1276,-0.0003,0.5285,0.1926,,,,,,,,,,,,,,,,,0.8276,,0.0012,,0.4585,,,,0.031,0.0321,0.0647,,-0.0001,0.4591,,0.0012,,-0.0017,,,,,,,,,,-0.3377,-0.0005,0.4811,,0.1284,-0.0,-0.0,-0.0,-0.0001,0.1445,-0.0068,-0.0881,-0.1387,-0.099,0.3655,,-0.0193,-0.0011,-0.0297,,,,,,,,,,,,,,,,,0.4033,,-0.0009,,-0.0041,,,,,,-0.0,,,,,-0.0,,,0.3626,0.2369,,-0.0042,0.4004,-0.0149,,-0.0,0.217,,,,,,,,,,,,,,
seq39_binder,Binder,,,,,,,,,,,,,,,,,,,,,,,,,,,,,,,,,,,,,,,,,,,,,,,,,-0.0008,-0.0,0.0001,0.0232,,,0.0115,,,0.0254,-0.0059,-0.0002,0.5402,0.1229,,,,,,,,,,,,,,,,,0.2044,,0.3903,,0.3378,-0.0,-0.0,-0.0029,0.0643,0.0207,0.015,,,0.3014,,0.0935,,-0.0,,,,,,,,,,0.0037,0.0007,-0.1215,-0.0376,-0.0073,,-0.0,-0.0,-0.0,0.0132,-0.0449,-0.0555,-0.0006,-0.0002,0.2829,-0.0092,-0.0694,0.0135,0.0109,,,,,,,,,,,,,,,,,-0.0726,-0.0001,-0.0026,,-0.0,,,,,,,,,,,-0.0,,-0.0,0.0466,0.1023,,-0.0601,0.2008,-0.0362,,-0.0392,0.0343,,,,,,,,,,,,,,
seq42_binder,Binder,,,,,,,,,,,,,,,,,,,,,,,,,,,,,,,,,,,,,,,,,,,,,,,,,-0.0296,-0.0,-0.0001,-0.0033,,,-0.0041,,,-0.447,0.1099,,0.7163,0.0066,,,,,,,,,,,,,,,,,,,0.0039,,0.5161,,,,0.0378,-0.1084,0.0899,,-0.0023,0.2966,-0.0,-0.003,,-0.0,,,,,,,,,,-0.0327,-0.0026,-0.0,,0.0137,-0.0,-0.0017,-0.0754,-0.0152,-0.3139,-0.1231,-0.0726,-0.0008,-0.0003,0.063,,0.0885,-0.0033,-0.3888,,,,,,,,,,,,,,,-0.0004,,0.3277,,0.0,,0.0,,,,,,,,,,,,,,-0.2642,0.0001,,,0.6718,0.3791,,,0.0565,-0.0014,,,-0.0008,,,,,,,,,,
seq1_nb,False Positive,,,,,,,,,,,,,,,,,,,,,,,,,,,,,,,,,,-0.0002,,,,,,,,,,,,,,-0.0005,-0.0235,-0.0,-0.0282,-0.0512,-0.0001,-0.0026,0.2482,0.0325,-0.0,-0.0558,0.235,-0.0001,0.04,0.0152,,,,,,,,,,,-0.0,,,,,,-0.0008,,0.2919,-0.0,0.0051,-0.0,,-0.0,0.0027,-0.1662,0.1228,0.093,-0.0291,0.2214,,-0.0004,,,,,,,,,,,,-0.0006,-0.0,-0.0006,,0.1293,,0.0,-0.0089,-0.041,0.0965,-0.0442,-0.0639,-0.0136,-0.0145,0.3766,,0.4281,-0.0,-0.0075,,,,,,,,,,,,,,,,,0.0348,,-0.0,,,,,,,,,,,,,,,-0.0,-0.0698,0.0225,,-0.0001,0.3072,0.5464,-0.0001,-0.0008,-0.042,-0.0474,,-0.0003,-0.0856,,,,,,,,,,
seq2_nb,False Positive,,,,,,,,,,,,,,,,,,,,,,,,,,,,,,,,,,,,,,,,,,,,,,,,-0.0,0.4805,0.0534,0.6025,0.3167,,-0.0,0.3846,,,0.6969,0.0154,-0.005,0.2559,0.0497,,,-0.0034,,,,,,,,-0.0,,,,,,-0.0012,,0.2666,,0.254,-0.0,,,-0.118,-0.1288,-0.0772,,,0.205,,0.0073,0.0,-0.3362,,-0.0,-0.0056,,,,,,,-0.3851,-0.0279,0.1016,0.0,0.1861,,,,-0.0005,-0.0406,-0.0012,-0.0192,-0.0059,-0.005,0.5968,,0.5789,,,,,,,,,,,,,,,,,,,,,,,-0.0001,,,,,,,,,,,,,,-0.0163,0.0139,,,-0.1128,0.3387,,,0.0983,,,,,,,,,,,,,,
seq3_nb,False Positive,,,,,,,,,,,,,,,,,,,,,,,,,,,,,,,,,,,,,,,,,,,,,,,,-0.0019,-0.2843,-0.0179,-0.169,-0.1733,,-0.0001,0.0224,-0.0,-0.0,-0.0417,0.1024,,-0.0695,0.3667,,,,,,,,,,,-0.0,,,,,,-0.0,,0.4621,0.021,0.1083,-0.0,-0.0,-0.001,-0.0139,-0.0042,-0.0555,0.246,0.1149,0.3715,-0.0,0.2715,,-0.0442,,-0.0,-0.0001,,,,,,,-0.2294,-0.0607,-0.0361,,0.0983,-0.0,-0.0,-0.013,-0.0224,-0.0897,-0.002,-0.009,,,-0.0489,,0.0541,-0.0597,-0.219,,,,,,,,,,,,,,,-0.0,,-0.1607,-0.0162,-0.0031,,,,,,,,,,,,,,,-0.0,-0.0178,-0.1278,,-0.0,-0.1158,-0.0982,,-0.0001,0.042,-0.0057,,,-0.0016,,,,,,,,,,
seq4_nb,False Positive,,,,,,,,,,,,,,,,,,,,,,,,,,,,,,,,,,,,,,,,,,,,,,,,,,,,,,,,,,-0.004,-0.0431,-0.0003,-0.2029,-0.2462,,,,,,,,,,,,,,,,,,,-0.0736,-0.0,-0.0922,-0.0204,-0.0113,-0.0147,-0.0413,-0.0664,-0.0438,-0.1,-0.0109,-0.2827,-0.0,-0.407,,,,,,,,,,,,-0.0,-0.0,-0.4748,-0.0002,-0.0686,,-0.0,-0.0,-0.0996,0.1824,-0.0984,0.2475,-0.0027,-0.002,0.0675,-0.0001,-0.1125,-0.0002,-0.0005,,,,,,,,,,,,,,,,,-0.4676,-0.0001,-0.0037,,-0.0,,-0.0001,-0.0065,-0.0,-0.0002,-0.0963,-0.0002,,-0.0,-0.0037,-0.0297,-0.0,-0.0003,-0.063,-0.0624,-0.0,-0.0022,-0.4308,-0.164,,-0.0,-0.2365,-0.0,,,,,,,,,,,,,
seq5_nb,False Positive,,,,,,,,,,,,,,,,,,,,,,,,,,,,,,,,,,-0.0,,,,,,,,,,,,,,,-0.0,,,-0.0005,,,,,,-0.0568,-0.1515,-0.0091,0.3215,0.1119,,,,,,,,,,,,,,,,,-0.0,,0.2594,0.0003,0.2242,-0.0001,-0.0,-0.0,0.0769,-0.0207,0.3787,0.1989,0.5931,0.5707,,-0.1395,,,,,,,,,,,,-0.0019,-0.0026,-0.2448,-0.0,0.0345,-0.0,-0.0158,0.0932,0.3775,0.3333,-0.0284,0.1947,-0.0,,0.2316,,-0.1063,-0.0178,-0.0312,,,,,,,,,,,,,,,,,-0.1352,-0.0149,-0.0403,,-0.0,,,,,,,,,,,-0.0,,,0.0231,0.2593,0.0,-0.0007,-0.0822,0.2469,,-0.0013,-0.119,,,,-0.0,,,,,,,,,,
seq6_nb,False Positive,,,,,,,,,,,,,,,,,,,,,,,,,,,,,,,,,,,,,,,,,,,,,,,,,-0.06,,,-0.0001,,,-0.0002,,,0.3079,-0.0708,-0.3348,0.2654,,,,,,,,,,,,,,,,,,,,-0.0,,-0.0002,,,,-0.0003,-0.0031,-0.0229,-0.0001,-0.0035,0.0189,-0.0,-0.0,,-0.0,,,,,,,,,,-0.0737,-0.0172,,,0.0893,-0.0,-0.0013,-0.0009,-0.0051,0.0789,-0.0268,0.4384,-0.0706,-0.068,0.0962,,0.5391,0.13,0.4101,,,,,,,,,,,,,,,-0.0009,-0.0,0.7522,0.0,,,-0.0,,,,,,,,,,,,,,-0.1095,0.1263,,,0.7567,0.4907,,,-0.1439,-0.021,,,-0.0022,,,,,,,,,,
seq7_nb,False Positive,,,,,,,,,,,,,,,,,,,,,,,,,,,,,,,,,,,,,,,,,,,,,,,,,-0.0582,-0.0069,-0.0183,-0.1108,,,0.0449,,,0.0841,0.0465,-0.0192,0.2309,0.2055,,,,,,,,,,,,,,,,,0.0089,-0.0153,-0.0628,-0.0132,0.0409,-0.0005,-0.0,-0.0,0.0489,0.0462,-0.08,-0.0114,-0.1543,-0.0229,-0.0002,-0.1057,,-0.0327,,,,,,,,,,-0.1647,-0.0449,-0.0321,,-0.0877,,,,-0.0002,0.0192,-0.0009,-0.0085,,,-0.161,,-0.0291,-0.0003,-0.0268,,,,,,,,,,,,,,,,,-0.0655,,-0.0376,,,,,,,,,,,,,-0.0,,-0.0001,0.0186,-0.0518,-0.0002,-0.0445,0.0729,-0.0497,-0.0,0.0018,0.2639,,-0.0009,-0.0219,,,-0.0,,,,,,,,
pair_0008_low_pkt,Low Confidence,,,,,,,,,,,,,,,,,,,,,,,,,,,,,,,,,,-0.0001,,,,,,,,,,,,,,,,,-0.0033,-0.0006,,,0.1452,,,-0.689,0.2853,-0.2132,0.1649,0.3581,,,,,,,,,,,,,,,,,-0.0651,-0.0,-0.0531,-0.0,0.0023,-0.0,,-0.0,0.0118,-0.0446,0.3018,0.0003,-0.0033,-0.1561,-0.0,-0.7538,,,,,,,,,,,,,,,,-0.451,,-0.0001,-0.0019,-0.0019,0.1417,-0.0323,-0.0653,-0.1694,-0.0909,-0.094,,-0.5039,,,,,,,,,,,,,,,,,,,-0.2196,,-0.0866,,0.2548,,,-0.0,,,-0.0,,,,,-0.0006,,,0.062,0.2202,,-0.0,0.2802,0.2072,,-0.0,-0.0991,,,-0.0,,,,,,,,,,,
pair_0065_low_pkt,Low Confidence,,,,,,,,,,,,,,,,,,,,,,,,,,,,,,,,,,,,,,,,,,,,,,,,-0.2038,-0.1698,-0.0622,-0.37,-0.3566,-0.0002,-0.0038,-0.2654,,-0.0001,-0.0893,0.0163,-0.0004,0.1079,0.2334,,,,,,,,,,,-0.0,,,,,,-0.5691,-0.0,0.171,0.0011,0.0753,-0.0,,,0.0726,-0.005,0.1817,0.0858,0.0421,-0.0955,-0.0,-0.2586,,-0.0007,,,-0.0,,,,,,,-0.0566,-0.0001,-0.3737,,-0.3037,,-0.0,-0.0004,-0.0506,-0.2622,-0.0094,-0.0394,-0.0007,-0.0006,-0.5237,-0.0,0.1598,,-0.0325,,,,,,,,,,,,,,,-0.0028,,-0.0002,,-0.0003,-0.0,-0.0001,,,,,,,,,,,-0.0,,,-0.0001,-0.0287,,-0.0003,0.1769,0.0323,-0.0005,-0.0011,0.4443,0.0459,-0.0,-0.0004,-0.0306,,,-0.0,,,,,,,
pair_0393_low_pkt,Low Confidence,,,,,,,,,,,,,,,,,,,,,,,,,,,,,,,,,,,,,,,,,,,,,,,,,,,,,,,-0.0,,,-0.0002,-0.0308,,0.525,-0.0206,,,,,,,,,,,,,,,,,,,-0.0133,-0.0,0.0765,,,-0.0128,0.0288,-0.0797,0.3515,-0.0002,-0.001,0.2178,-0.0,-0.0007,,,,,,,,,,,,,,-0.0896,-0.0077,-0.0898,,-0.0009,-0.0008,-0.0004,-0.0066,-0.0486,-0.0094,-0.2944,-0.2364,-0.1652,-0.0054,-0.0835,,-0.0,,,,,,,,,,,,,,,,,-0.0732,,,,-0.0,,-0.0004,,,,,,,-0.0029,-0.201,-0.0885,,,0.2422,0.4378,,-0.0049,0.6084,0.312,,-0.0,,,,,,,,,,,,,,,
pair_0482_low_pkt,Low Confidence,,,,,,,,,,,,,,,,,,,,,,,,,,,,,,,,,,,,,,,,,,,,,,,,,-0.1289,,-0.0,-0.0001,,,-0.0,,,-0.1194,0.2482,,0.4903,0.0112,,,,,,,,,,,,,,,,,,,-0.039,,0.0141,,,,0.1082,0.0354,0.1569,-0.0,-0.0121,0.1618,-0.0002,-0.2302,,,,,,,,,,,-0.0,-0.166,-0.0642,-0.2751,-0.0,-0.0599,-0.0081,-0.0447,-0.0662,-0.0209,-0.0935,-0.0007,-0.1659,-0.002,,-0.1035,,0.155,-0.0741,-0.3119,,,,,,,,,,,,,,,-0.0,,0.2499,-0.0,,,-0.0001,,-0.0,-0.0,,,,,,,,-0.0013,,,-0.0025,0.1649,,,0.6276,0.6227,,,0.2494,-0.0572,,,-0.037,,,,,,,,,,
pair_0947_low_pkt,Low Confidence,,,,,,,,,,,,,,,,,,,,,,,,,,,,,,,,,,-0.0001,,,,,,,,,,,,,,,-0.2557,-0.0004,-0.0041,-0.1315,,,-0.0001,,,-0.4623,0.661,0.0444,0.0454,0.057,,,-0.0,,,,,,,,-0.0,,,,,,0.1117,,-0.0606,,0.2091,-0.0,,-0.0,0.0539,0.1495,0.1595,-0.0001,-0.0162,-0.171,,0.0187,,-0.0088,,,,,,,,,,0.0925,0.3246,0.5142,,-0.1741,,-0.0002,-0.0194,-0.022,-0.1768,-0.1141,-0.3632,-0.0,,-0.5487,,0.3306,0.3904,0.1608,,,,,,,,,,,,,,,,,0.3293,0.0,-0.0,,-0.0,,,,,,,,,,,-0.0,,,-0.0027,0.1816,,,0.4305,0.8405,,-0.0,0.0978,-0.0001,,,-0.0,,,,,,,,,,
pair_0948_low_pkt,Low Confidence,,,,,,,,,,,,,,,,,,,,,,,,,,,,,,,,,,,,,,,,,,,,,,,,-0.0001,-0.0214,-0.0002,-0.0021,-0.001,,,0.0571,,,-0.0421,0.0706,,0.3367,0.101,,,,,,,,,,,,,,,,,0.3987,,0.2785,,0.0158,,,,0.0332,0.0616,0.1543,0.0003,-0.0615,-0.0685,,0.4727,,,,,,,,,,,,-0.0105,,,,-0.1188,-0.0009,-0.3017,-0.5364,-0.3285,-0.0086,-0.0102,0.0064,-0.0897,-0.0,-0.1284,,0.2467,,-0.0006,,,,,,,,,,,,,,,,,-0.0265,,,,-0.0001,,,,,,,,,,-0.0,-0.0102,-0.0077,-0.0082,0.0172,0.3294,,,0.6324,0.6466,,,0.0238,-0.0001,,,-0.0001,,,,,,,,,,
pair_1331_low_pkt,Low Confidence,,,,,,,,,,,,,,,,,,,,,,,,,,,,,,,,,,,,,,,,,,,,,,,,,-0.0004,,,,,,,,-0.0,0.2014,0.8317,0.9077,0.4183,0.0522,,,,,,,,,,,,,,,,,,,,,0.018,-0.0,-0.0,-0.0,0.0618,-0.0041,0.0922,-0.0757,-0.0497,0.0032,-0.0,0.0002,,,,,,,,,,,,,,0.0062,-0.0,0.1682,-0.1111,-0.1001,-0.0,,-0.0075,-0.0006,-0.0403,0.1055,-0.0505,0.5089,,0.0144,-0.0002,-0.0324,,,,,,,,,,,,,,,-0.0,,0.2539,,,,-0.0646,-0.0333,-0.0001,-0.0203,,,,,,,,-0.0009,,,-0.0314,0.2605,,,0.5547,0.7848,,,0.5843,0.1119,,-0.0,-0.0111,,,,,,,,,,
pair_1413_low_pkt,Low Confidence,,,,,,,,,,,,,,,,,,,,,,,,,,,,,,,,,,-0.0,,,,,,,,,,,,,,,,,,,,,-0.0017,,,-0.0,-0.0783,-0.0,0.3016,0.0744,,,,,,,,,,,,,,,,,0.032,,0.3318,-0.0,0.1724,-0.0,-0.0,-0.0021,0.0491,0.079,0.2974,-0.0004,-0.0257,0.0541,-0.0,0.0789,,,,,,,,,,,,,,-0.0001,-0.003,-0.0392,,-0.0637,-0.0389,-0.0001,-0.0048,-0.1509,-0.0131,-0.0361,-0.0016,-0.5091,-0.0586,-0.2203,,-0.0,,,,,,,,,,,,,,,,,-0.4264,-0.0,-0.0017,-0.0001,0.0267,-0.0024,-0.0037,-0.0818,-0.0004,,-0.1414,,,,-0.0026,-0.2204,-0.0001,-0.0,-0.1198,0.1235,-0.0,-0.0039,0.3981,-0.1173,,-0.0001,-0.0,,,,,,,,,,,,,,
pair_1931_low_pkt,Low Confidence,,,,,,,,,,,,,,,,,,,,,,,,,,,,,,,,,,,,,,,,,,,,,,,,,,,,-0.0,,,0.0016,,,0.4487,0.4072,-0.0001,-0.0,0.0268,,,,,,,,,,,,,,,,,0.6326,,0.8746,,0.0091,,,,-0.0006,0.0765,0.4242,-0.0111,-0.0111,0.1951,,0.8281,,,,,,,,,,,,,,-0.0128,,0.0723,,,-0.0,0.2127,-0.0,0.4973,0.647,-0.0026,,-0.0,,0.8467,,,,,,,,,,,,,,,,,,,-0.0001,,,,0.0693,-0.011,-0.0062,-0.0054,-0.0002,-0.0001,-0.2595,-0.0015,,,-0.1345,-0.1936,,-0.0001,0.3095,0.5161,,-0.0,0.3306,0.8063,,,,,,,,,,,,,,,,,
pair_0014_fail_gate,Fail Geometry,,,,,,,,,,,,,,,,,,,,,,,,,,,,,,,,,,,,,,,,,,,,,,,,,,,,,,,-0.0,,,-0.0002,0.6601,-0.0285,0.3354,0.2806,,,,,,,,,,,,,,,,,0.0593,,0.5813,,0.457,,,,0.026,0.0137,0.2729,-0.0048,-0.0382,0.251,-0.0003,0.8828,,,,,,,,,,,,,,-0.0,-0.0001,0.3925,-0.0002,-0.0017,-0.0014,-0.0423,-0.0431,-0.1533,-0.0262,,,-0.0949,,0.4217,,,,,,,,,,,,,,,,,,,,,,,,,,,,,,,,,-0.0,-0.0002,-0.0,-0.0153,0.0244,0.0154,-0.0,0.0147,0.2101,0.1628,,-0.0035,,,,,,,,,,,,,,,
pair_0263_fail_gate,Fail Geometry,,,,,,,,,,,,,,,,,,,,,,,,,,,,,,,,,,,,,,,,,,,,,,,,,-0.0,,-0.0,,,,-0.0012,,,-0.0405,-0.3564,0.1348,0.0672,0.2256,,,,,,,,,,,,,,,,,-0.0974,,-0.08,,0.8003,-0.0,,,0.1129,-0.0062,0.1774,-0.0,-0.0,-0.0002,,-0.0237,,,,,,,,,,,,,,-0.3869,,0.0399,-0.0,-0.0,-0.0,-0.0,0.1979,-0.1647,-0.0647,-0.0,-0.0,0.0912,,-0.1326,-0.0001,-0.0693,,,,,,,,,,,,,,,,,-0.0783,-0.0,-0.0,,-0.0009,-0.0,-0.0001,-0.0164,,,-0.0434,-0.0,,-0.0,-0.2988,-0.2616,-0.0737,-0.1065,0.0289,-0.0124,,-0.0002,0.3659,0.4563,,-0.0,-0.0167,-0.0041,,,-0.0,,,,,,,,,,
pair_0540_fail_gate,Fail Geometry,,,,,,,,,,,,,,,,,,,,,,,,,,,,,,,,,,,,,,,,,,,,,,,,0.1,0.5851,-0.0629,0.5756,0.3592,,-0.0,0.4004,,,0.9194,0.0101,-0.0,0.0041,0.5982,,,-0.0001,,,,,,,,,,,,,,-0.0023,,0.4947,0.0005,0.0014,,,,0.0001,-0.0005,0.285,0.058,0.0529,0.3366,0.0019,0.1433,,-0.0001,,,-0.0,,,,,,,-0.0339,-0.0,-0.0,,0.3251,-0.0,-0.0361,-0.0763,-0.0001,-0.2523,-0.0003,-0.4773,-0.0,,0.028,,0.7079,,0.0,,,,,,,,,,,,,,,,,0.0,,,,,,,,,,,,,,,,,,-0.0545,-0.2299,,,0.509,0.1165,,,0.2763,,,,0.0013,,,,,,,,,,
pair_0715_fail_gate,Fail Geometry,,,,,,,,,,,,,,,,,,,,,,,,,,,,,,,,,,,,,,,,,,,,,,,,,-0.0079,-0.0,-0.0001,-0.0036,,,-0.0031,,,-0.3849,0.2909,-0.0001,0.1614,0.47,,,,,,,,,,,,,,,,,-0.4518,,0.2881,-0.0963,-0.0081,-0.0001,-0.0,,0.041,-0.1256,-0.0775,-0.0378,-0.0017,0.139,-0.0,-0.0783,,-0.0038,,-0.0,,,,,,,,0.0073,0.0375,-0.1377,-0.0001,0.4042,-0.0,,-0.002,-0.0003,-0.0533,-0.43,-0.0295,0.0,,0.3701,-0.0,0.0925,0.0404,-0.0812,,,,,,,,,,,,,,,,,0.1659,-0.0,-0.0,,0.0001,,,-0.0,,,,,,,,,,,-0.08,-0.0025,,,0.3906,0.0958,,,0.1073,-0.0094,,,,,,,,,,,,,
pair_0997_fail_gate,Fail Geometry,,,,,,,,,,,,,,,,,,,,,,,,,,,,,,,,,,-0.0,,,,,,,,,,,,,,,-0.0009,,,,,,,,,-0.1072,0.4529,0.6266,0.3955,0.3311,,,,,,,,,,,,,,,,,,,0.1369,-0.0,0.3227,,,,0.1672,-0.1693,0.131,0.0006,-0.0015,0.1393,,,,,,,,,,,,,,-0.0021,-0.0004,0.0874,,0.0746,,-0.0,-0.0013,-0.1534,-0.0097,-0.2299,0.0581,-0.0001,,0.4369,,-0.092,-0.2234,-0.5327,,,,,,,,,,,,,,,,,0.0788,-0.6999,-0.3801,,,,,,,,,,,,,,,,-0.0673,-0.0,,,0.4292,0.0042,,-0.0004,0.1188,-0.0,,,-0.0,,,,,,,,,,
pair_1094_fail_gate,Fail Geometry,,,,,,,,,,,,,,,,,,,,,,,,,,,,,,,,,,-0.0,,,,,,,,,,,,,,-0.0,-0.0006,-0.0,-0.0002,-0.0001,,-0.0,-0.0059,,,-0.0009,-0.2701,,0.3046,0.0902,,,,,,,,,,,,,,,,,0.3692,,0.1642,-0.0,0.0519,-0.007,-0.0019,-0.0053,0.0742,-0.0941,0.2372,-0.005,-0.0082,0.071,-0.0,0.5281,,,,,,,,,,,,-0.0,,-0.0313,-0.0313,0.1954,,,-0.0003,-0.0714,0.3375,0.019,0.2684,-0.0,,0.3081,-0.004,0.0125,-0.0,-0.0005,,,,,,,,,,,,,,,,,0.0004,-0.0,0.0,,,,,-0.005,,,-0.001,,,,-0.0,-0.0007,-0.0,-0.0,0.0931,-0.0039,-0.0091,-0.0202,0.5032,0.0165,,,0.0001,-0.0,,,,,,,,,,,,,
pair_1682_fail_gate,Fail Geometry,,,,,,,,,,,,,,,,,,,,,,,,,,,,,,,,,,,,,,,,,,,,,,,,,-0.0,,,,,,-0.1225,,,-0.2372,-0.396,-0.205,0.1529,0.2035,,,,,,,,,,,,,,,,,0.0544,,0.518,-0.0,0.0065,-0.0037,-0.0006,-0.0017,-0.0154,-0.0712,0.3011,-0.0469,-0.0233,-0.1091,-0.0,0.6147,,,,,,,,,,,,-0.0,,-0.0003,-0.0004,0.2166,-0.0,-0.0043,-0.1728,-0.2257,-0.2344,-0.1713,-0.0386,,,-0.2031,-0.0001,0.0631,-0.0,-0.0,,,,,,,,,,,,,,,,,-0.3952,,,,,,,,,,,,,,,-0.0,,-0.0,-0.1197,0.0002,,-0.0002,0.1867,0.0246,-0.0,-0.0247,-0.1805,-0.0002,,,-0.0001,,,,,,,,,,
pair_1739_fail_gate,Fail Geometry,,,,,,,,,,,,,,,,,,,,,,,,,,,,,,,,,,,,,,,,,,,,,,,,,-0.0069,,-0.0,-0.1656,,,0.1898,,,0.1504,0.4912,-0.0697,-0.0007,0.2507,,,,,,,,,,,,,,,,,,,0.3381,,0.0206,,,,-0.0,-0.2893,0.0884,0.0499,-0.0225,-0.0185,-0.0002,0.0433,,-0.058,-0.0001,,,,,,,,,-0.4493,-0.2841,-0.0901,,0.3453,,-0.0004,-0.0043,-0.0151,0.2556,-0.0544,0.1511,-0.0,,0.731,,0.6895,-0.0379,-0.0848,,,,,,,,,,,,,,,,,-0.0002,,,,-0.0,,,,,,,,,,,,,,-0.1953,0.1294,-0.0,-0.0,0.3532,0.6504,,-0.0,0.2119,-0.0,,,-0.0,,,,,,,,,,
pair_1745_fail_gate,Fail Geometry,,,,,,,,,,,,,,,,,,,,,,,,,,,,,,,,,,,,,,,,,,,,,,,,-0.0634,-0.2036,-0.0001,-0.2332,-0.1983,,-0.0001,-0.2127,,-0.0,0.0458,0.0096,,0.2136,0.2003,,,,,,,,,,,-0.0001,,,,,,0.1252,,0.3029,,0.3424,-0.0,,-0.0,-0.0003,-0.3464,0.2647,-0.0,0.0,0.5714,,0.0678,,-0.0001,,,,,,,,,,-0.0034,-0.0,-0.0678,-0.0001,0.3496,,,,-0.0,-0.0688,-0.2759,-0.0418,-0.0003,-0.0003,0.4188,-0.0,0.1824,,-0.0356,,,,,,,,,,,,,,,-0.0083,,-0.0402,,,,0.0,,,-0.0,,,-0.0004,,,,,-0.0004,,,0.0277,0.4988,,-0.0122,0.2609,0.286,,-0.0002,0.1864,-0.0109,,,-0.0353,,,,,,,,,,
pair_1941_fail_gate,Fail Geometry,,,,,,,,,,,,,,,,,,,,,,,,,,,,,,,,,,,,,,,,,,,,,,,,-0.0001,-0.0036,-0.0,-0.0089,0.0284,,,0.4855,,,0.4029,0.297,,0.046,0.1153,,,0.0,,,,,,,,,,,,,,,,0.0005,-0.0,0.1031,-0.0003,-0.3262,,-0.1587,-0.0907,-0.2212,-0.0076,-0.028,0.1203,-0.0001,0.1696,,,,,,,,,,,,-0.0,,0.0,,0.2642,,-0.0,-0.0001,-0.0024,-0.0878,-0.244,0.0356,-0.0001,-0.0001,0.6461,,0.6254,,-0.0008,,,,,,,,,,,,,,,,,-0.0432,,,,-0.0,,,-0.0,,,-0.0,,,,,-0.0,,-0.0,-0.0249,0.0706,,-0.0001,0.3098,0.164,,,-0.0246,-0.0008,,,-0.0019,,,,,,,,,,
pair_0052_nb,False Positive,,,,,,,,,,,,,,,,,,,,,,,,,,,,,,,,,,,,,,,,,,,,,,,,,-0.021,-0.0016,-0.0194,0.3429,,,0.0417,,,0.2878,0.6628,-0.1872,-0.0294,0.3392,,,,,,,,,,,,,,,,,-0.0,-0.0,0.779,0.1885,0.3324,,,,-0.0437,-0.0082,-0.0029,0.1204,0.2546,0.5918,-0.0,0.0978,,-0.0001,,,,,,,,,,-0.0021,-0.0,-0.0517,-0.0536,0.1387,,,-0.0006,-0.0184,0.1821,-0.0055,-0.0091,-0.0,-0.0,0.1193,-0.0324,0.55,,,,,,,,,,,,,,,,,,,,,,,-0.0,,,,,,,,,,,,,,-0.1151,-0.0,,-0.007,-0.1782,0.1827,,,,,,,,,,,,,,,,,
pair_0091_nb,False Positive,,,,,,,,,,,,,,,,,,,,,,,,,,,,,,,,,,,,,,,,,,,,,,,,-0.2242,-0.7227,-0.0045,-0.568,-0.1898,-0.0,-0.0,0.2642,,,-0.0471,0.3014,,0.3796,0.0009,,,-0.0775,,-0.0018,,,,,,-0.0012,,,,,,-0.0015,-0.0,0.0423,,0.3631,,,,-0.0116,-0.1518,0.1159,-0.0022,-0.0448,0.1185,,0.1497,-0.0,-0.0145,,,-0.0,,,,,,,-0.0463,-0.0,0.0148,,0.4648,,-0.0003,-0.0125,-0.0549,-0.1884,-0.2415,-0.1203,-0.0006,-0.0005,0.5175,,0.3415,,-0.0008,,,,,,,,,,,,,,,,,-0.0066,,,,-0.0,,,,,,,,,,,,,,-0.0306,0.0809,,-0.0,0.1235,0.2696,-0.0001,-0.0337,-0.0017,-0.0033,,,-0.0003,,,,,,,,,,
pair_0246_nb,False Positive,,,,,,,,,,,,,,,,,,,,,,,,,,,,,,,,,,,,,,,,,,,,,,,,-0.0,-0.0647,-0.0,-0.0047,-0.0029,,,-0.0,,-0.0001,0.1764,-0.0414,-0.1422,-0.0093,0.1314,,,,,,,,,,,,,,,,,,,0.3465,-0.0001,0.1263,,,,0.0011,-0.0051,0.2355,-0.0084,0.0073,0.0209,-0.0013,0.0026,,-0.0,,,,,,,,,,-0.1106,-0.0162,-0.0029,-0.0,0.0135,,-0.0107,-0.0086,-0.0013,0.1166,-0.0036,0.1957,-0.216,-0.1724,0.3748,,0.1621,-0.0222,0.0596,,,,,,,,,,,,,,,-0.0003,,0.8319,-0.0,0.0,,0.039,,,,,,,,,,,-0.0,-0.0,-0.0,0.0213,0.1463,,,0.4164,0.5167,-0.0,-0.0,0.0952,-0.0016,,,-0.0001,,,,,,,,,,
pair_0269_nb,False Positive,,,,,,,,,,,,,,,,,,,,,,,,,,,,,,,,,,,,,,,,,,,,,,,,-0.0061,-0.3376,-0.0495,-0.6237,-0.4972,-0.0005,,-0.1714,,,-0.506,-0.0841,-0.0,0.3508,0.0197,,,,,,,,,-0.0,,-0.0856,,,-0.0,-0.0206,-0.0021,-0.3511,,0.3081,,0.2628,,,,0.0,-0.0,0.1815,,0.029,0.0618,,-0.0352,-0.0316,-0.3839,,-0.0,-0.0,,,,,,,-0.4251,-0.005,0.1201,,-0.0416,-0.0,-0.0001,,,0.1323,-0.0003,0.008,-0.5863,-0.5763,0.1315,,0.2845,,-0.0004,,,,,,,,,,,,,,,,,-0.0,,,,0.0016,,,,,,,,,,,,,,-0.0004,0.0,,,0.619,0.1678,,,-0.0001,-0.0,,,-0.0002,,,,,,,,,,
pair_0272_nb,False Positive,,,,,,,,,,,,,,,,,,,,,,,,,,,,,,,,,,,,,,,,,,,,,,,,-0.0003,-0.0166,-0.0003,-0.1235,-0.0342,-0.0,-0.0,-0.2195,-0.0,-0.0,-0.2768,-0.2032,,0.0995,0.2571,,,-0.0,,,,,,,,-0.0,,,,,,-0.326,,0.3563,,0.4471,-0.0,-0.0,-0.0,0.1334,-0.1595,0.4348,0.2107,0.3119,0.2769,,0.0137,,,,,-0.0,,,,,,,-0.0003,,-0.2737,,0.2031,,-0.0,-0.0109,-0.0183,0.1431,-0.4214,-0.2182,-0.0,-0.0,0.2574,,0.0986,,-0.0123,,,,,,,,,,,,,,,,,-0.4235,,,,,,,-0.0001,,,-0.0,,,,,,,,-0.0874,0.0002,,-0.0026,0.1686,0.1164,,-0.0,-0.2045,-0.0203,,,-0.0218,,,,,,,,,,
pair_0276_nb,False Positive,,,,,,,,,,,,,,,,,,,,,,,,,,,,,,,,,,,,,,,,,,,,,,,,,-0.0132,,,,,,-0.0004,,,-0.0766,0.0988,,0.1486,0.3558,,,,,,,,,,,,,,,,,,,0.1054,-0.0,0.3424,,,,0.1283,0.0327,0.259,0.0,0.0053,0.1178,-0.0018,0.0116,,,,,,,,,,,,-0.0023,-0.0005,-0.0412,,0.1843,-0.0019,0.0051,-0.0094,-0.0162,-0.0356,-0.0549,0.1332,-0.0002,-0.0,0.0997,,0.4242,-0.0012,-0.4653,,,,,,,,,,,,,,,-0.0017,,0.1982,-0.0,,,,,,,,,,,,,,,,,-0.0199,-0.0,,-0.0002,0.3067,0.8264,0.0,,0.1606,-0.1841,,,-0.1575,,,,,,,,,,
pair_0288_nb,False Positive,,,,,,,,,,,,,,,,,,,,,,,,,,,,,,,,,,,,,,,,,,,,,,,,,-0.0012,-0.0,-0.0061,-0.1816,,,-0.059,,,-0.0433,0.5648,,0.1119,0.0718,,,-0.0,,,,,,,,,,,,,,,,0.0843,,0.7841,-0.0,,-0.0,0.2895,0.2852,0.8038,0.0513,0.3039,0.1888,-0.0073,0.2802,,-0.0001,,,,,,,,,,-0.0006,-0.0001,0.0435,0.0208,0.5251,-0.002,-0.0074,-0.0194,-0.0086,0.5004,-0.0009,0.1221,-0.0019,-0.0008,0.8326,,0.494,-0.0011,-0.0283,,,,,,,,,,,,,,,-0.0,,0.0043,-0.0168,-0.0028,,-0.0,,,,,,,,,,,-0.0,,,-0.0053,0.0207,,,0.1716,0.1352,,,0.0587,-0.0274,,-0.0,-0.0,,,,,,,,,,
pair_0351_nb,False Positive,,,,,,,,,,,,,,,,,,,,,,,,,,,,,,,,,,,,,,,,,,,,,,,,,-0.0001,,,-0.0002,,,-0.0004,,,-0.002,0.5967,0.9422,0.3509,0.4898,,,,,,,,,,,,,,,,,,,0.094,-0.0016,0.2669,-0.0041,-0.0019,-0.0029,0.2013,-0.0266,0.4414,0.0254,0.2743,0.2977,-0.0082,0.0001,,,,,,,,,,,,-0.0001,-0.0,-0.0009,,0.4992,-0.0082,-0.0008,-0.0019,-0.0109,0.2983,-0.0651,0.0238,-0.0047,-0.0047,0.6314,,0.6388,-0.0,-0.01,,,,,,,,,,,,,,,,,-0.1283,,,,,,,,,,-0.0,,,,,-0.0,,,0.0045,0.0111,,,0.5975,0.3386,,,0.6326,-0.0001,,,-0.0,,,,,,,,,,
pair_0502_nb,False Positive,,,,,,,,,,,,,,,,,,,,,,,,,,,,,,,,,,,,,,,,,,,,,,,,-0.0003,-0.193,-0.0,-0.0081,-0.0021,-0.0,,-0.0056,,,-0.0974,0.039,-0.0047,0.3367,0.0627,,,,,,,,,,,,,,,,,-0.0065,,0.002,,0.5402,,,-0.0,0.0563,-0.1245,0.3307,,0.0,-0.0,,-0.0009,,,,,,,,,,,,-0.0258,-0.0009,0.1359,,0.0036,,,,,-0.0566,-0.194,0.0016,,,0.7913,,0.6242,-0.0004,-0.3124,,,,,,,,,,,,,,,-0.0,,0.1034,-0.0001,-0.0,,,,,-0.0,,,,,,,,-0.0,-0.0,-0.0004,0.1233,0.2032,-0.0001,-0.12,0.0971,0.2553,,-0.0107,0.3468,-0.0025,,,-0.0481,,,,,,,,,,
pair_0506_nb,False Positive,,,,,,,,,,,,,,,,,,,,,,,,,,,,,,,,,,-0.0,,,,,,,,,,,,-0.0,,-0.0006,-0.2592,-0.0,-0.0181,-0.0006,,,-0.033,,,-0.2248,-0.0349,-0.0027,0.17,0.005,,,-0.0,,,,,,,,-0.0,,,,,,-0.2706,,-0.0141,-0.005,0.0214,,,,-0.0075,-0.1601,0.0129,-0.1654,-0.0069,0.0826,-0.0,-0.1005,,,,,,,,,,,,-0.0168,,-0.0,-0.0,0.0702,-0.0032,-0.2531,-0.1139,0.0161,-0.0,-0.0061,0.2112,,,-0.0735,-0.0001,-0.0032,-0.5464,-0.1178,,,,,,,,,,,,,,,-0.0003,,0.0621,-0.5085,-0.0,,,,,,,,,,,,,,,,-0.0033,0.2386,,-0.0,0.2812,0.0693,-0.0035,-0.2,0.041,-0.0043,,,-0.0039,,,,,,,,,,
pair_0647_nb,False Positive,,,,,,,,,,,,,,,,,,,,,,,,,,,,,,,,,,-0.0001,,,,,,,,,,,,,,,-0.006,-0.0,-0.0245,-0.0122,,-0.0,0.0187,,-0.0,-0.2353,-0.0338,,0.3076,0.0071,,,,,,,,,,,,,,,,,0.0041,,-0.0168,,0.2422,,,,0.0166,-0.1208,0.0538,,,0.0905,,-0.0003,,-0.0,,,,,,,,,,-0.0011,-0.0001,0.2261,,-0.0217,,,,0.027,-0.0362,0.1307,0.0505,-0.0033,-0.0021,0.1571,,-0.0693,-0.0114,-0.1055,,,,,,,,,,,,,,,-0.0,,-0.0904,-0.0001,-0.1748,,-0.0,,,-0.0,,,-0.0,,,,,-0.0001,,,-0.036,0.172,-0.0038,-0.0048,-0.1511,-0.1111,,-0.0001,0.2281,,,,,,,,,,,,,,
pair_0664_nb,False Positive,,,,,,,,,,,,,,,,,,,,,,,,,,,,,,,,,,,,,,,,,,,,,,,,,-0.0017,,-0.0,-0.0018,,,-0.0047,,,-0.3789,0.0264,0.0665,0.5174,-0.003,,,,,,,,,,,,,,,,,-0.0,,-0.0011,,0.1461,-0.0,,-0.0,0.0907,-0.2809,0.0295,-0.0,-0.0005,0.311,-0.0,-0.0117,,,,,,,,,,,,-0.0693,-0.0319,0.0472,-0.0,0.1536,-0.0,-0.0004,-0.0008,-0.0767,0.0095,-0.1787,-0.0773,,,0.5017,-0.0,0.3938,-0.0655,-0.3862,,,,,,,,,,,,,,,,,0.1442,-0.0,-0.0003,,,,,,,,,,,,,,-0.0001,-0.0788,-0.0418,-0.0779,-0.0296,-0.1511,0.1627,-0.038,,-0.0043,0.1915,-0.0,,,,,,,,,,,,,
pair_0776_nb,False Positive,,,,,,,,,,,,,,,,,,,,,,,,,,,,,,,,,,,,,,,,,,,,,,,,-0.0,-0.0653,,-0.0018,-0.0001,,,-0.1031,,,0.1375,0.4277,-0.0,0.2042,-0.0149,,,,,,,,,,,,,,,,,-0.0076,,0.0508,-0.0,0.0076,,,,0.0676,0.0367,0.2468,-0.0019,-0.0056,-0.0015,,-0.0002,,,,,,,,,,,,-0.198,-0.0293,-0.0006,,-0.2474,,-0.0024,-0.0001,-0.0,-0.0507,-0.0002,0.3268,-0.3169,-0.3438,0.3427,,0.1723,-0.0087,0.0645,,,,,,,,,,,,,,,-0.0011,,0.722,-0.0,-0.0,,0.2716,,,,,,,,,,,,,,0.0013,0.0708,,,0.6115,0.4611,,,0.1646,0.0321,,,-0.0002,,,,,,,,,,
pair_0777_nb,False Positive,,,,,,,,,,,,,,,,,,,,,,,,,,,,,,,,,,,,,,,,,,,,,,,,,-0.0065,,-0.0066,-0.0059,,,-0.0242,,,0.1675,0.1582,,,0.0173,,,,,,,,,,,,,,,,,-0.1788,,0.3971,,0.6179,-0.0001,-0.0001,-0.0001,0.7259,0.723,0.857,-0.0,0.1059,0.2772,-0.002,0.0158,,,,,,,,,,,,,,-0.047,-0.0003,0.6343,-0.0,-0.0036,-0.0012,-0.0,0.4949,,0.0054,-0.0,-0.0,0.8028,,0.2549,,-0.0001,,,,,,,,,,,,,,,-0.0,,0.8403,,,,-0.0,,,,,,,,,,,,,,-0.0001,0.0245,,,0.3573,0.1455,,,0.8753,-0.0021,,,-0.0007,,,,,,,,,,
pair_0782_nb,False Positive,,,,,,,,,,,,,,,,,,,,,,,,,,,,,,,,,,,,,,,,,,,,,,,,-0.0035,-0.4937,-0.0094,-0.2302,-0.3013,,-0.0,-0.1153,-0.0,,0.0045,0.3965,,0.2911,0.0256,,,-0.0009,,,,,,,,,,,,,,0.0077,,0.5291,,0.1579,,,,0.0,-0.0235,0.1654,-0.0001,-0.0001,0.1121,-0.0,0.0053,,-0.0142,,,,,,,,,,-0.3749,-0.1202,-0.3022,,0.3451,,-0.0021,-0.153,-0.0105,0.1177,-0.0,-0.1233,-0.0001,,0.29,,0.0312,-0.0007,0.2241,,,,,,,,,,,,,,,-0.0003,,0.3797,,,,,,,,,,,,,,,,,,-0.003,0.2233,,,0.7292,0.893,,,0.4826,-0.0462,,,-0.0356,,,,,,,,,,
pair_0822_nb,False Positive,,,,,,,,,,,,,,,,,,,,,,,,,,,,,,,,,,,,,,,,,,,,,,,,,-0.1954,-0.0157,-0.0029,0.4413,,-0.0,0.5896,,-0.0,0.4704,0.5788,-0.0,0.1634,0.017,,,,,,,,,,,-0.0,,,,,,0.9588,,0.0142,,0.3071,-0.0001,-0.0,-0.0,0.471,0.3153,0.7319,-0.0001,0.0002,0.0349,,0.489,,-0.0013,,,-0.0,,,,,,,-0.1674,-0.0002,0.0591,,0.3841,,-0.0,-0.0,,0.1838,-0.0513,-0.0224,,,0.3117,,0.6422,,,,,,,,,,,,,,,,,,,-0.0,,,,,,,,,,,,,,,,,-0.0,-0.0052,0.0078,,,0.4958,0.5652,,,0.0018,,,,,,,,,,,,,,
pair_0827_nb,False Positive,,,,,,,,,,,,,,,,,,,,,,,,,,,,,,,,,,,,,,,,,,,,,,,,-0.0001,-0.0712,-0.0121,0.0058,-0.165,,,0.335,,,0.3806,0.3811,,0.2407,0.0575,,,,,,,,,,,-0.0,,,,,,0.7698,,0.1226,,0.0072,,,,0.0061,0.0137,0.4915,-0.0001,0.0034,-0.0006,-0.0,0.034,,-0.1859,,-0.0,-0.0,,,,,,,-0.4576,-0.1217,0.0952,-0.0,-0.0043,,-0.0001,-0.0003,-0.0014,0.0305,-0.001,0.3844,-0.2061,-0.2009,0.4549,-0.0,0.3419,,,,,,,,,,,,,,,,,,,0.0,,,,0.2039,,,,,,,,,,,,,,-0.0,0.0768,,,0.1132,0.1298,,,0.0847,,,,,,,,,,,,,,
pair_0865_nb,False Positive,,,,,,,,,,,,,,,,,,,,,,,,,,,,,,,,,,,,,,,,,,,,,,,,,-0.0053,,,-0.0,,,-0.0019,,,-0.4409,0.29,0.6536,0.2053,0.3222,,,,,,,,,,,,,,,,,-0.0,,0.005,-0.0,0.2131,-0.0001,-0.0,-0.0001,0.0822,-0.1473,0.1754,-0.0018,0.0038,0.0043,,-0.0,,,,,,,,,,,,-0.0001,-0.0,-0.2089,,0.1171,,-0.0001,-0.004,-0.0072,0.3549,-0.0861,0.0376,-0.0,-0.0,0.6179,,0.1797,-0.0,-0.2885,,,,,,,,,,,,,,,-0.0,,0.2581,,,,,,,,,,,,,,,-0.0,,,-0.2198,0.0005,,,0.4921,0.2527,,,0.1232,-0.139,,,-0.0313,,,,,,,,,,
pair_0867_nb,False Positive,,,,,,,,,,,,,,,,,,,,,,,,,,,,,,,,,,,,,,,,,,,,,,,,,,,,,,,-0.0,,-0.0,0.6316,0.2779,0.5952,0.0025,0.1373,,,,,,,,,,,,,,,,,-0.0004,,0.2682,0.003,0.2506,-0.0003,-0.0,,0.1762,0.0333,0.2541,0.0197,0.0507,0.0573,-0.0029,0.0013,,,,,,,,,,,,,,-0.0027,,0.2022,-0.0006,-0.0026,-0.001,-0.0015,0.3924,-0.0649,0.0791,-0.001,-0.0006,0.6508,,0.5887,,-0.0001,,,,,,,,,,,,,,,,,-0.1296,,,,0.0,,,-0.0,,,-0.0,,,,,-0.0001,,,0.0374,0.0284,,,0.655,0.4929,,-0.0,0.484,-0.0075,,,,,,,,,,,,,
pair_1824_nb,False Positive,,,,,,,,,,,,,,,,,,,,,,,,,,,,,,,,,,,,,,,,,,,,,,,,-0.0082,-0.4312,-0.0007,-0.2793,-0.2308,-0.0092,-0.0007,0.0134,,,-0.1337,0.3212,0.2798,0.0011,0.2687,,,,,,,,,,,-0.0,,,,,,-0.1579,,0.8845,0.2695,0.532,-0.0,,,0.0105,-0.0001,0.3476,0.5913,0.4668,0.6518,0.0047,-0.0565,,-0.0037,,,,,,,,,,-0.1775,-0.0262,-0.3881,,0.0961,-0.0,-0.0025,-0.0409,-0.0814,0.175,-0.0,0.0004,,,0.2636,,0.1655,-0.0089,-0.3484,,,,,,,,,,,,,,,-0.0119,,-0.1848,,,,,,,,,,,,,,,,,,-0.0002,-0.0,,,0.34,0.6529,,,0.327,-0.0242,,,-0.0162,,,,,,,,,,
pair_1860_nb,False Positive,,,,,,,,,,,,,,,,,,,,,,,,,,,,,,,,,,,,,,,,,,,,,,,,-0.0,-0.1823,-0.0002,0.0,-0.0039,,,-0.1614,,,0.1303,0.0178,0.497,0.1365,0.2296,,,,,,,,,,,,,,,,,-0.4895,,-0.2015,,0.3618,,,,0.0321,-0.387,0.4128,-0.0,,0.0025,,-0.0442,,-0.0049,,,,,,,,,,-0.4776,-0.1194,-0.1013,,0.0017,,,,,-0.358,-0.4591,-0.0351,-0.0,-0.0,0.1245,,0.1305,-0.075,-0.0472,,,,,,,,,,,,,,,-0.0001,,0.3734,-0.0061,-0.0,,-0.0,,,-0.0075,,,,,,,,-0.0006,,,-0.1206,0.077,,,0.4751,0.6737,,-0.0001,0.3473,-0.0122,,,-0.0039,,,,,,,,,,
pair_1939_nb,False Positive,,,,,,,,,,,,,,,,,,,,,,,,,,,,,,,,,,-0.0,,,,,,,,,,,,,,-0.0001,-0.1144,-0.0001,-0.006,-0.0033,,-0.0,-0.0139,,-0.0,0.0757,0.1201,-0.0002,0.2397,0.0523,,,,,,,,,,,-0.0,,,,,,-0.0122,,0.012,,0.1654,0.0,,,0.0566,-0.004,0.166,,-0.0001,0.0426,,-0.0,,-0.0001,,,,,,,,,,-0.1172,-0.0144,-0.0021,,-0.0532,-0.0,-0.0011,-0.0003,-0.0001,-0.2557,-0.029,0.0531,-0.1044,-0.0579,0.405,,0.1851,-0.0076,0.116,,,,,,,,,,,,,,,-0.0045,-0.0,0.7114,-0.0,-0.0,,0.0208,,,,,,,,,,,,,,-0.0009,0.0047,,-0.0,0.4873,0.4143,-0.0007,-0.0027,0.2652,0.0362,,,-0.0068,,,,,,,,,,
pair_1965_nb,False Positive,,,,,,,,,,,,,,,,,,,,,,,,,,,,,,,,,,,,,,,,,,,,,,,,-0.0056,-0.1292,-0.0001,-0.0566,-0.1127,,,-0.0209,,,-0.1126,0.0806,-0.219,0.1626,0.1555,,,,,,,,,,,,,,,,,,,0.1211,,0.3574,-0.0,,-0.0004,-0.0914,-0.1529,-0.0365,-0.0,-0.0,-0.0002,,,,,,,,,,,,,,-0.0112,-0.0,-0.2541,,0.171,-0.0,-0.0009,-0.0021,-0.0001,0.2672,-0.068,0.0904,-0.0279,-0.0132,0.5793,,0.1459,-0.0,-0.0706,,,,,,,,,,,,,,,,,-0.1,-0.0,-0.0096,,-0.0,,,-0.0,,,,,,,,,,-0.0001,-0.1422,-0.1273,-0.0017,-0.1248,-0.1034,-0.4161,,-0.0,-0.3527,-0.0019,,,-0.0018,,,,,,,,,,
pair_0341_nb,False Positive,,,,,,,,,,,,,,,,,,,,,,,,,,,,,,,,,,,,,,,,,,,,,,,,,-0.0,,,,,,-0.0,,,-0.0148,0.1534,-0.0151,0.3843,-0.001,,,,,,,,,,,,,,,,,,,-0.0083,,-0.0122,-0.0,-0.0,-0.0,0.181,-0.0819,0.166,-0.0,-0.0348,-0.029,-0.0,-0.0039,,,,,,,,,,,,-0.0,-0.0,-0.0,,0.0208,-0.0001,-0.0001,-0.0001,-0.0,0.2404,-0.4714,-0.075,,,0.8541,0.0,0.2495,-0.0001,-0.1149,,,,,,,,,,,,,,,,,0.4219,-0.0024,0.4402,,,,,-0.0,,,-0.0,,,,-0.0,-0.0,,,0.1939,0.4844,,,0.747,0.4238,,,0.3435,-0.0019,,,-0.0,,,,,,,,,,
pair_0450_nb,False Positive,,,,,,,,,,,,,,,,,,,,,,,,,,,,,,-0.0,,,,,,,,,,,,,,,,,,-0.0606,-0.3632,-0.0013,-0.5378,-0.4156,-0.0079,-0.043,-0.0048,,-0.0134,-0.0782,-0.0253,,0.1587,0.0892,,,-0.0,,,,,,,,-0.0616,,,,-0.0,,-0.0314,,0.4581,,0.2386,,,,-0.0041,-0.0752,0.2001,,0.0,0.2832,,0.018,-0.0001,-0.0354,,,,,,,,,,-0.0014,-0.0,0.025,,-0.0949,,,,,0.1123,-0.1393,-0.1436,-0.3937,-0.3847,0.1759,,-0.0399,,-0.0079,,,,,,,,,,,,,,,,,-0.3325,,,,0.0356,-0.0,,-0.0001,,,,,,,-0.0,-0.0037,,,0.0421,0.1093,,,0.2209,0.0937,,-0.0,-0.0353,-0.0011,,-0.0002,-0.0491,,,,,,,,,,
pair_0549_nb,False Positive,,,,,,,,,,,,,,,,,,,,,,,,,,,,,,,,,,,,,,,,,,,,,,,,,-0.0006,,-0.0,,,,-0.0005,,,-0.0249,0.224,-0.0869,0.0852,0.3567,,,,,,,,,,,,,,,,,,,0.2118,,0.2758,-0.0005,-0.0,-0.0,0.2237,-0.0054,0.3794,0.3198,0.3315,0.3317,-0.0042,0.2102,,,,,,,,,,,,-0.0004,-0.0,-0.1457,,0.1825,-0.0048,-0.0009,-0.1245,0.3035,0.0262,0.4978,0.5815,-0.001,-0.0,0.1039,,0.3796,-0.0001,-0.0099,,,,,,,,,,,,,,,,,0.6643,,,,,,,,,,,,,,,,,,-0.0025,-0.0,,,0.232,0.2647,-0.0,-0.0,-0.1051,-0.0,,,,,,,,,,,,,
pair_0567_nb,False Positive,,,,,,,,,,,,,,,,,,,,,,,,,,,,,,,,,,-0.0,,,,,,,,,,,,,,-0.181,-0.632,-0.0172,-0.5062,-0.4018,-0.0037,-0.0,-0.1931,,,-0.3333,0.2028,-0.0,0.0379,0.4103,,,,,,,,,,,-0.0,,,,,,-0.0022,,0.1253,,0.0232,,,,0.0268,-0.0259,0.5608,,-0.0,0.0854,,0.0322,,-0.0088,,,,,,,,,,-0.3311,-0.1021,-0.1003,,0.1217,,,-0.0,-0.0,-0.1597,-0.4403,-0.0067,-0.0114,-0.0092,0.2968,,0.1398,-0.0125,-0.2719,,,,,,,,,,,,,,,,,-0.4687,,,,,,,,,,,,,,,,,-0.0,0.2774,0.1237,,-0.0,0.258,0.409,-0.0,-0.0,-0.1262,-0.0123,,-0.0,-0.5561,,,,,,,,,,
pair_0584_nb,False Positive,,,,,,,,,,,,,,,,,,,,,,,,,,,,,,,,,,,,,,,,,,,,,,,,,,,,,,,-0.0342,,,-0.0015,-0.2974,-0.0022,-0.0015,0.3583,,,,,,,,,,,,,,,,,-0.0779,,0.5206,,0.4031,,,-0.0,0.0477,-0.061,0.0974,,-0.001,0.3518,,0.4719,,,,,,,,,,,,,,,,0.114,,-0.0002,-0.0006,-0.1036,0.4736,0.0135,0.2656,-0.0012,-0.0006,0.5316,,-0.2157,,,,,,,,,,,,,,,,,,,-0.0124,,-0.0,,-0.0,-0.0,-0.0,-0.028,-0.0007,-0.0001,-0.1106,-0.0023,,-0.0,-0.1399,-0.0788,-0.0235,-0.0407,0.1415,0.2595,,-0.0,0.2145,0.0006,,,,-0.0,,,,,,,,,,,,,
pair_0602_nb,False Positive,,,,,,,,,,,,,,,,,,,,,,,,,,,,,,,,,,,,,,,,,,,,,,,,-0.0023,-0.1318,-0.0011,-0.1413,-0.1797,-0.0001,-0.0047,0.0,,-0.0004,-0.0351,0.1088,,0.1436,0.1046,,,,,,,,,,,,,,,,,0.0736,,0.104,-0.0,0.0008,-0.0,,-0.0,0.0159,0.0466,0.4931,-0.0003,0.0003,0.157,,-0.1025,-0.0,-0.0116,,,,,,,,,,-0.0266,-0.0064,-0.0691,-0.0,-0.1067,-0.0001,-0.0005,-0.0,-0.0002,0.0975,-0.0001,0.1447,-0.3712,-0.3741,0.2397,,0.2451,,-0.0001,,,,,,,,,,,,,,,,,0.0808,,-0.0,,0.0429,,,,,,,,,,-0.0,-0.0,,,-0.0005,0.1157,,,0.3529,0.1182,,,0.0178,-0.0035,,,-0.0,,,,,,,,,,
pair_0684_nb,False Positive,,,,,,,,,,,,,,,,,,,,,,,,,,,,,,,,,,-0.0007,,-0.0,,,,,,,,,,,,-0.0033,-0.2878,-0.0,-0.0364,-0.0125,-0.0,,-0.0199,,,-0.1749,0.118,,0.113,0.2586,,,,,,,,,,,,,,,,,-0.0817,,0.3868,0.0001,0.779,-0.0,-0.0,-0.0,0.0863,-0.0002,0.7289,0.6558,0.3765,0.1975,0.0,0.2412,,-0.0,,,,,,,,,,-0.0304,-0.0033,-0.0083,,0.2415,,-0.0003,-0.0111,-0.0237,0.0356,-0.001,0.0083,-0.0,-0.0,0.3713,,0.2883,-0.0206,-0.388,,,,,,,,,,,,,,,-0.0001,,-0.1208,-0.0033,-0.0,,,,,,,,,,,,,,,,-0.0001,-0.0001,,,0.8572,0.4891,-0.0003,-0.0004,0.132,-0.0567,,,-0.1748,,,,,,,,,,
pair_0736_nb,False Positive,,,,,,,,,,,,,,,,,,,,,,,,,,,,,,,,,,,,,,,,,,,,,,,,-0.0,-0.1595,-0.0,-0.0015,-0.0,,,-0.0181,,,-0.0282,0.4283,0.0129,0.0,0.1,,,,,,,,,,,,,,,,,-0.1023,,0.1598,,0.004,,,,0.0002,-0.0147,0.3149,,0.0,0.3008,,,,,,,,,,,,,,-0.1707,-0.003,-0.0001,,-0.2315,,,,,0.243,-0.012,0.352,-0.3035,-0.2902,0.331,,0.1781,-0.0006,0.0036,,,,,,,,,,,,,,,-0.0168,,0.4335,-0.0002,-0.0004,,0.0,,,,,,,,,,,,,,-0.0,0.0435,,,0.7244,0.279,,,0.087,-0.0627,,,-0.0947,,,,,,,,,,
pair_0748_nb,False Positive,,,,,,,,,,,,,,,,,,,,,,,,,,,,,,,,,,,,,,,,,,,,,,,,-0.0021,-0.6792,-0.0481,-0.2671,-0.0513,,,-0.1723,,,-0.5921,0.3141,,0.1436,0.1728,,,,,,,,,,,-0.0,,,,,,0.7854,,0.1298,,0.0733,,,,0.0146,-0.0213,-0.0327,,-0.0003,-0.0052,-0.0005,0.2685,0.0,-0.0116,-0.0,-0.0279,-0.0132,,,,,,,0.1472,-0.0053,0.2079,-0.0495,-0.004,-0.0006,-0.0014,-0.0002,-0.0,0.0109,,-0.0242,,,0.6218,-0.031,0.5035,0.0032,-0.0084,,,,,,,,,,,,,,,,,0.3009,-0.0,,,,,,,,,,,,,,,,,0.1761,0.2685,,,0.1197,0.5434,,,0.4736,,,,,,,,,,,,,,
pair_0765_nb,False Positive,,,,,,,,,,,,,,,,,,,,,,,,,,,,,,,,,,,,,,,,,,,,,,,,-0.0392,-0.4701,-0.0106,-0.2308,-0.2276,,-0.0,-0.171,,,-0.2379,0.215,,0.2826,0.1701,,,,,,,,,,,-0.0025,,,,,,0.0837,,0.2884,,-0.0004,,,,0.0013,-0.0008,0.0254,0.0021,0.4819,0.261,-0.0,0.0966,,-0.0094,,,-0.0001,,,,,,,-0.1156,-0.0053,0.1022,,0.0089,,,,-0.0002,0.5328,-0.0157,0.0216,-0.0,-0.0,0.6283,,0.6678,-0.0004,-0.1088,,,,,,,,,,,,,,,-0.0016,,-0.0635,-0.0,,,0.0,,,,,,,,,,,,,,0.0029,0.0129,,,0.5043,0.6931,,-0.0,0.0668,-0.133,,,-0.1023,,,,,,,,,,
pair_0811_nb,False Positive,,,,,,,,,,,,,,,,,,,,,,,,,,,,,,,,,,,,,,,,,,,,,,,,-0.0073,-0.033,-0.0022,-0.015,-0.0742,-0.0,-0.0003,0.0,0.3712,-0.0002,-0.5041,0.3275,-0.1303,-0.1537,0.32,,,-0.0,,,,,,,,,,,,,,-0.0001,,0.3662,,0.5829,,,,-0.1007,-0.1926,0.2541,0.0,0.0493,0.0922,-0.0,0.4241,,-0.0015,,,,,,,,,,-0.0141,-0.0076,-0.0131,,0.1117,,-0.0,-0.0,-0.0,0.2476,-0.267,0.0048,-0.0,-0.0,0.6829,,0.0509,-0.0041,-0.1775,,,,,,,,,,,,,,,,,-0.0502,-0.0,,,,,,,,,,,,,,,,,-0.0909,0.0019,,-0.0,0.6969,0.6188,,,0.0574,-0.0192,,,-0.1023,,,,,,,,,,
pair_0868_nb,False Positive,,,,,,,,,,,,,,,,,,,,,,,,,,,,,,,,,,-0.037,,,,,,,,,,,,,,-0.0832,-0.5368,-0.0066,-0.5051,-0.2533,,,-0.0022,,,-0.1095,0.2088,0.5295,0.2824,0.4637,,,,,,,,,,,,,,,,,,,0.0842,,0.3847,,,,0.3736,0.0594,0.3847,-0.0,0.0361,0.0086,,0.015,,-0.0,,,,,,,,,,-0.3377,-0.0412,-0.0253,,,,,,,0.8969,,,,,,,0.501,-0.0166,-0.326,,,,,,,,,,,,,,,,,-0.114,,,,,,,,,,,,,,,,,,0.9597,0.2391,,,0.2328,-0.0683,-0.0,,0.2576,-0.0667,,,-0.3928,,,,,,,,,,
pair_0876_nb,False Positive,,,,,,,,,,,,,,,,,,,,,,,,,,,,,,,,,,,,,,,,,,,,,,,,-0.0,-0.1003,-0.0,-0.0013,-0.0037,,,-0.0397,,,-0.3516,0.398,,0.2986,0.0303,,,,,,,,,,,,,,,,,-0.0024,,0.0044,,0.1111,,,,0.0684,0.1369,0.0981,,-0.0001,0.2385,,-0.0003,,-0.0,,,,,,,,,,-0.0524,-0.0092,-0.0035,,0.0029,-0.0002,-0.004,-0.0005,-0.0,0.2226,-0.0308,0.1946,-0.0875,-0.0632,0.2163,,0.0649,-0.02,-0.5152,,,,,,,,,,,,,,,-0.0015,,-0.3179,-0.0002,,,-0.0016,-0.0,,-0.0,,,,,,,,-0.0003,,,0.0047,0.1375,,,0.4636,0.4184,,-0.0,0.1758,-0.1009,,,-0.0456,,,,,,,,,,
pair_0878_nb,False Positive,,,,,,,,,,,,,,,,,,,,,,,,,,,,,,,,,,,,,,,,,,,,,,,,-0.0477,-0.1722,-0.0205,-0.0654,0.0405,-0.0,-0.0,0.2713,,,0.4558,0.1,,0.0781,0.2121,,,,,,,,,,,-0.0225,,,,,,0.3839,-0.0,-0.4772,-0.0,-0.0005,,,,-0.0002,-0.0829,-0.0481,-0.3448,-0.0823,-0.1827,-0.0348,-0.5367,,-0.0959,,,-0.0001,,,,,,,-0.3022,-0.0,0.1021,-0.0,-0.1608,,-0.003,-0.0,,-0.1003,-0.0001,-0.0691,-0.0255,-0.0151,0.2113,,0.4364,,-0.0597,,,,,,,,,,,,,,,-0.0023,,0.1533,,,,-0.0,,,,,,,,,,,,,,0.0032,0.0962,,,0.3881,0.4826,,,0.338,-0.054,,,-0.0296,,,,,,,,,,
pair_0883_nb,False Positive,,,,,,,,,,,,,,,,,,,,,,,,,,,,,,,,,,,,,,,,,,,,,,,,-0.0001,-0.1858,-0.0001,-0.0721,-0.2254,-0.0001,-0.0,-0.1824,,,0.0826,0.5172,-0.0022,-0.0003,0.0817,,,-0.0,,,,,,,,,,,,,,-0.1913,-0.0524,0.3087,-0.0179,0.0905,-0.0439,-0.0149,-0.0001,0.1254,0.0024,0.4158,0.0769,0.164,0.1962,-0.0203,0.1814,,-0.0026,,,,,,,,,,-0.1245,-0.0187,-0.0463,,0.2662,-0.0009,-0.0482,-0.0715,-0.0109,-0.0369,-0.0047,-0.0197,-0.0022,-0.0007,0.2389,,0.2144,-0.0047,-0.2917,,,,,,,,,,,,,,,,,-0.0847,-0.0,,,,,,,,,,,,,,,,,0.1258,-0.0004,,-0.0003,0.6399,0.4576,,-0.0,0.0071,-0.0182,,,-0.0361,,,,,,,,,,
pair_0891_nb,False Positive,,,,,,,,,,,,,,,,,,,,,,,,,,,,,,,,,,,,,,,,,,,,,,,,,-0.1399,-0.0,-0.0094,-0.0773,-0.0,,-0.0089,,,-0.001,0.0692,-0.0017,0.1051,0.2196,,,,,,,,,,,,,,,,,-0.0001,,0.151,-0.0001,0.0258,,,,0.1216,0.1393,0.0748,-0.0108,-0.0313,-0.0075,-0.0,0.0982,,-0.0,,,,,,,,,,0.1444,0.0701,0.1351,-0.0,0.0729,-0.0004,-0.0366,-0.0413,-0.0194,-0.0665,-0.0012,-0.077,-0.0517,-0.0435,0.2462,,0.2531,0.257,-0.0713,,,,,,,,,,,,,,,,,-0.2405,0.0,,,0.0059,,,,,,,,,,,,,,-0.0112,0.0689,-0.0,-0.0,0.3325,0.2392,,-0.0,-0.109,-0.0049,,-0.0,-0.0397,,,,,,,,,,
pair_0908_nb,False Positive,,,,,,,,,,,,,,,,,,,,,,,,,,,,,,,,,,,,,,,,,,,,,,,,-0.0,-0.3491,-0.0,-0.0032,-0.0031,,,-0.0447,,,-0.0204,0.3372,-0.0,0.3157,0.0134,,,-0.0,,,,,,,,,,,,,,-0.4156,-0.0022,-0.3633,,0.0036,-0.0,,,0.0825,-0.0002,0.1151,0.1479,0.1017,-0.307,-0.0432,-0.4615,,,,,,,,,,,,-0.026,-0.0008,-0.0003,,-0.2081,-0.0,-0.1533,-0.1815,-0.1814,,,0.3912,-0.0001,-0.0,0.5483,,0.0509,-0.0001,-0.0245,-0.0,-0.0,,,,,,,,,,,,,-0.1961,,0.7274,-0.0,0.0,,,,,,,,,,,,,,,,0.0003,0.0447,,,0.7588,0.4839,,-0.0,0.2172,0.064,,,-0.067,,,,,,,,,,
pair_0932_nb,False Positive,,,,,,,,,,,,,,,,,,,,,,,,,,,,,,-0.0,,,,,,,,,,,,,,,,,,-0.0001,-0.1556,-0.0,-0.0109,-0.0032,,,-0.0672,,,-0.2173,0.3773,0.1209,0.2911,-0.0827,,,,,,,,,,,,,,,,,-0.4559,,-0.3458,,0.6264,,,,0.036,-0.1976,0.4184,,,-0.0004,,-0.1283,,,,,,,,,,,,-0.0117,-0.0013,-0.0049,,0.107,,-0.0,,,-0.1553,-0.243,-0.1778,-0.0592,-0.0481,0.2923,,0.0898,-0.0044,-0.0564,,,,,,,,,,,,,,,,,0.2686,-0.0008,-0.0,,0.0064,-0.0009,-0.0003,-0.0086,,,-0.0009,-0.0,,-0.0,-0.006,-0.1899,-0.0036,-0.0045,0.0789,0.2544,-0.0,-0.0003,0.1944,0.8662,,-0.0,0.5263,-0.0,,,-0.0006,,,,,,,,,,
pair_0940_nb,False Positive,,,,,,,,,,,,,,,,,,,,,,,,,,,,,,,,,,,,,,,,,,,,,,,,,-0.0072,-0.0,-0.0,-0.0007,,,-0.0271,,,0.0032,0.0473,-0.0117,-0.0292,0.0391,,,-0.0,,,,,,,,,,,,,,-0.1405,,0.1597,,0.1905,,,-0.0,-0.0043,0.0187,0.3122,0.0,-0.0023,0.3611,-0.0001,0.1185,,,,,,,,,,,,-0.0814,-0.0342,-0.0731,-0.0,0.2088,,-0.0,-0.0012,-0.004,0.0901,-0.3287,-0.0553,-0.0602,-0.0543,0.1261,,0.0862,0.0258,-0.004,,,,,,,,,,,,,,,,,-0.0391,-0.0321,-0.0051,,0.0099,-0.0,-0.0012,-0.0244,,,-0.0203,-0.0,,,-0.0179,-0.0569,-0.0001,-0.002,0.1649,0.262,-0.0,0.0008,0.18,0.0068,,,,-0.0,,,,,,,,,,,,,
pair_0974_nb,False Positive,,,,,,,,,,,,,,,,,,,,,,,,,,,,,,-0.0,,,,,,,,,,,,,,,,,,-0.0023,-0.7357,-0.193,-0.4475,-0.0474,,-0.0,-0.07,,,-0.5921,0.384,,0.8481,0.2012,,,-0.0,,,,,,,,-0.0001,,,,,,-0.0237,,0.2838,-0.0,0.1318,,,,0.1091,-0.0004,0.3328,0.0062,0.1449,0.1027,-0.0002,0.0284,,-0.2578,,-0.0,-0.0,,,,,,,-0.6121,-0.0466,0.3887,,-0.0551,-0.0026,-0.0022,-0.0037,-0.0017,0.0246,-0.0,0.1686,-0.4797,-0.462,0.2437,,0.2171,,-0.0,,,,,,,,,,,,,,,,,-0.0074,,-0.0003,,0.0647,,,,,,,,,,,-0.0004,,,-0.0,0.0045,,,,0.0098,,,-0.0013,,,,,,,,,,,,,,
pair_0977_nb,False Positive,,,,,,,,,,,,,,,,,,,,,,,,,,,,,,,,,,,,,,,,,,,,,,,,,-0.0111,-0.0011,-0.0011,0.1599,-0.0,,0.5986,,,0.271,0.2365,0.0,-0.0004,0.1951,,,-0.0,,,,,,,,-0.0,,,,,,-0.0421,,0.5651,,0.5434,,,,0.189,0.0168,0.4527,0.0004,0.2692,0.297,-0.0007,0.4061,,-0.0121,,,,,,,,,,-0.0214,-0.0029,-0.0088,0.0001,-0.0949,-0.0755,-0.0932,-0.0448,-0.0076,0.2027,-0.0005,0.0453,-0.4643,-0.2661,0.1903,0.0001,0.2581,,-0.0,,,,,,,,,,,,,,,,,-0.0001,,,,-0.0001,,,,,,-0.0,,,,,-0.0,,,-0.0078,0.034,,-0.0001,0.123,0.636,,,,,,,,,,,,,,,,,
pair_1011_nb,False Positive,,,,,,,,,,,,,,,,,,,,,,,,,,,,,,,,,,0.6576,,,,,,,,,,,,,,,,,,,,,,,,-0.0002,0.2575,-0.007,0.7652,0.0123,,,,,,,,,,,,,,,,,-0.0005,,-0.0247,-0.0,0.0077,-0.0,,,0.1489,0.0277,0.0869,-0.0011,-0.0076,-0.0513,,-0.0484,,,,,,,,,,,,,,,,-0.0005,,,,-0.0002,-0.4089,-0.0691,-0.2536,,,0.0079,,-0.323,,,,,,,,,,,,,,,,,,,0.2227,,0.9461,,-0.0022,,,-0.0143,-0.0001,,,,,,,,,,0.037,0.7541,,,0.604,0.3836,,-0.0,0.0847,-0.0002,,,,,,,,,,,,,
pair_1023_nb,False Positive,,,,,,,,,,,,,,,,,,,,,,,,,,,,,,,,,,-0.0,,,,,,,,,,,,,,-0.0463,-0.5963,-0.0104,-0.7674,-0.5261,-0.0,-0.0,-0.0976,,,-0.4175,0.1619,-0.0104,0.1146,0.1455,,,,,,,,,,,-0.0,,,,,,0.1561,,0.0275,,0.3452,,,,0.0346,-0.0044,0.3152,,-0.0,-0.325,-0.0,-0.3823,,-0.0024,,,,,,,,,,-0.0786,-0.0144,-0.0325,,-0.4731,,-0.0,-0.0,,-0.477,-0.0,-0.1789,-0.2674,-0.0033,0.2248,,0.1905,-0.0002,-0.1631,,,,,,,,,,,,,,,,,-0.282,,,,-0.0036,,,-0.0,,,,,,,,,,,0.0028,0.3508,,,0.6943,0.5071,-0.0,-0.0001,0.0157,-0.0689,,,-0.1966,,,,,,,,,,
pair_1102_nb,False Positive,,,,,,,,,,,,,,,,,,,,,,,,,,,,,,,,,,-0.0,,,,,,,,,,,,,,-0.0048,-0.0336,-0.0,-0.0624,-0.0924,-0.0008,-0.0002,-0.0184,,,-0.1763,0.114,-0.0,0.1463,-0.0124,,,0.0,,,,,,,,-0.0,,,,,,0.0029,,0.1043,-0.0,-0.0034,,,,0.0005,-0.0523,0.0717,0.0623,-0.0185,0.1843,,0.0018,,-0.0,,,,,,,,,,-0.0068,-0.0009,-0.0055,-0.0,-0.0021,0.0109,-0.0703,-0.0413,-0.0132,0.2864,-0.0049,0.2759,-0.1289,-0.2373,0.3945,,0.1413,-0.0001,-0.0481,,,,,,,,,,,,,,,-0.0,,-0.1518,,,,0.0025,,,,,,,,,,,,,,-0.0253,0.329,,,0.1711,0.1441,-0.0015,-0.2927,-0.025,-0.0196,,-0.0,-0.0136,,,,,,,,,,
pair_1313_nb,False Positive,,,,,,,,,,,,,,,,,,,,,,,,,,,,,,,,,,,,,,,,,,,,,,,,-0.0001,-0.1445,-0.0,-0.0026,-0.0028,,,-0.0049,,,-0.1141,0.1529,-0.0006,0.401,-0.0479,,,,,,,,,,,-0.0,,,,,,-0.3057,,-0.3719,-0.0006,-0.0001,,,,0.1127,-0.1667,0.3955,-0.0011,-0.0064,-0.0486,,-0.0676,,-0.0,,,,,,,,,,-0.2437,-0.0795,-0.0033,,-0.0025,,,,-0.0,-0.4682,-0.636,-0.3025,-0.0001,-0.0001,0.1925,,0.1667,-0.0708,0.3013,,,,,,,,,,,,,,,-0.0001,,0.3788,0.0045,0.0,,,,,,,,,,,,,,,-0.0,0.3188,0.4048,,,0.5814,0.5366,-0.0021,-0.0022,0.3474,-0.141,,,-0.0035,,,,,,,,,,
pair_1397_nb,False Positive,,,,,,,,,,,,,,,,,,,,,,,,,,,,,,,,,,,,,,,,,,,,,,,,,-0.0276,,,-0.0,,,-0.0,,,-0.3464,0.3189,0.3207,0.2675,0.5321,,,,,,,,,,,-0.0,,,,,,-0.0,,0.0042,,0.0885,,,,0.0165,-0.0339,0.0196,,0.0002,0.232,,-0.0,,,,,,,,,,,,-0.0075,-0.0001,-0.0,,0.0314,,,,,0.143,-0.4307,-0.1103,-0.0,-0.0,0.2474,,0.2344,-0.0015,-0.3268,,,,,,,,,,,,,,,-0.0439,,0.1847,-0.0002,,,,,,-0.0,,,,,,,,,,,0.3554,,,,0.249,0.7939,,-0.0,0.353,-0.2332,,,-0.12,,,,,,,,,,
pair_1654_nb,False Positive,,,,,,,,,,,,,,,,,,,,,,,,,,,,,,,,,,,,,,,,,,,,,,,,-0.0,-0.0096,-0.0001,-0.0011,0.1467,,,0.113,,,0.162,0.2152,0.2289,0.0034,0.2105,,,,,,,,,,,,,,,,,0.2856,,0.1368,,0.1369,,,,0.0389,-0.3104,0.4074,-0.0,0.0,0.0902,-0.0001,0.6121,,-0.0,,,,,,,,,,-0.0005,,0.0118,-0.0,-0.0008,,-0.0,-0.0,-0.0,-0.2724,-0.747,-0.2116,-0.0045,-0.0044,0.1503,-0.0,0.4392,,-0.0004,,,,,,,,,,,,,,,,,-0.0416,,,,-0.0,,,-0.0,,,,,,,,-0.0,-0.0,-0.0,-0.2005,0.1396,,,0.5388,0.5548,,-0.0,-0.0536,-0.0141,,,-0.0064,,,,,,,,,,
pair_1656_nb,False Positive,,,,,,,,,,,,,,,,,,,,,,,,,,,,,,,,,,,,,,,,,,,,,,,,-0.0002,-0.4957,-0.0,-0.0606,-0.0197,,-0.0,-0.259,,-0.0,-0.0301,0.1481,,0.1381,0.1194,,,,,,,,,,,-0.0001,,,,,,-0.5131,,0.0878,,0.4156,,,,0.0015,-0.0765,0.1365,,0.0,0.3311,,-0.1506,,-0.0001,,,,,,,,,,-0.3501,-0.0383,-0.062,,-0.4665,,,,,-0.0687,-0.068,0.1056,-0.4271,-0.4251,-0.0642,,0.0791,-0.0132,-0.3023,,,,,,,,,,,,,,,-0.0068,,-0.118,-0.0008,,,0.0,,,-0.0,,,,,,,,,,,-0.076,0.2274,,-0.0006,0.5129,0.6564,0.0,,0.4027,-0.0576,,,-0.0718,,,,,,,,,,
pair_1658_nb,False Positive,,,,,,,,,,,,,,,,,,,,,,,,,,,,,,,,,,,,,,,,,,,,,,,,-0.0003,-0.1482,-0.0,-0.0153,-0.0676,,,-0.157,-0.0,,-0.0193,0.1097,,0.3603,-0.033,,,,,,,,,,,,,,,,,-0.4989,,-0.1031,,0.4117,-0.0002,-0.0,-0.0001,0.0603,-0.0998,0.3634,0.0151,0.0292,0.125,-0.0,-0.0809,,-0.0,,,,,,,,,,-0.2046,-0.0919,-0.014,,-0.0277,,-0.0,,-0.0003,-0.117,-0.1213,-0.0664,-0.0,-0.0,0.0993,,0.1131,-0.0483,-0.0163,,,,,,,,,,,,,,,-0.0,,0.1491,0.0,,,0.0,,,-0.0001,,,,,,,,,,,0.1538,0.2643,,,0.7076,0.6842,,,0.264,-0.0513,,,-0.0262,,,,,,,,,,
pair_1671_nb,False Positive,,,,,,,,,,,,,,,,,,,,,,,,,,,,,,,,,,,,,,,,,,,,,,,,-0.0,-0.0636,,-0.0007,-0.0,-0.0,-0.0,-0.0311,,,-0.1292,0.0374,-0.0005,0.0159,0.1369,,,,,,,,,,,,,,,,,-0.1588,,0.6633,0.2042,0.5421,,,,0.0982,0.0158,0.4413,0.3646,0.5221,0.5216,0.0,0.0173,,,,,,,,,,,,-0.0007,-0.0,-0.1116,,0.1351,-0.0001,-0.0003,-0.0064,-0.0005,0.0094,-0.0031,0.1925,-0.0026,-0.0022,0.4869,,0.3836,-0.0002,-0.2501,,,,,,,,,,,,,,,-0.0025,,0.0288,-0.0,,,0.0,,,,,,,,,,,,,,-0.01,0.0,,-0.0,0.2247,0.5547,,-0.0,0.4088,0.1494,,-0.0005,-0.0093,,,,,,,,,,
pair_1679_nb,False Positive,,,,,,,,,,,,,,,,,,,,,,,,,,,,,,,,,,,,,,,,,,,,,,,,-0.0,-0.1131,-0.0,-0.0001,-0.0024,,,-0.0058,,,0.0037,0.0909,-0.0227,0.1421,0.4444,,,,,,,,,,,,,,,,,,,0.395,0.0009,0.163,-0.0006,-0.0004,-0.0002,0.1077,-0.0423,0.1949,0.0635,0.0465,0.3565,0.0005,0.2193,,-0.0,,,,,,,,,,-0.0066,-0.0006,-0.0003,,0.0555,-0.0047,-0.0572,-0.0927,-0.0133,-0.2502,-0.0,-0.0192,-0.0,,-0.3428,,0.2416,-0.0002,-0.4143,,,,,,,,,,,,,,,-0.0009,,0.3582,,,,,,,,,,,,,,,,,,-0.322,-0.002,,-0.0158,0.2728,0.7836,,-0.0073,0.3207,0.4338,,-0.0111,-0.0507,,,,,,,,,,
pair_1709_nb,False Positive,,,,,,,,,,,,,,,,,,,,,,,,,,,,,,,,,,,,,,,,,,,,,,,,-0.0001,-0.19,-0.0481,-0.0459,0.1886,,,0.3092,,,0.2665,0.2195,-0.0,0.3564,0.0662,,,-0.0,,,,,,,,,,,,,,0.0114,,0.3232,,0.1047,,,,0.0342,0.0092,0.2955,-0.0,-0.0007,0.1846,-0.0,0.122,,-0.0682,,-0.0,-0.0,,,,,,,-0.1962,-0.0089,0.1214,,-0.0314,-0.0092,-0.0872,-0.003,-0.0004,0.1663,-0.003,0.0857,-0.0482,-0.0633,0.1744,,0.3949,-0.0,-0.01,,,,,,,,,,,,,,,-0.0,,-0.0105,,,,0.0014,,,,,,,,,,-0.0,-0.0005,-0.0,-0.0,-0.0006,0.2788,,,0.3563,0.5935,,-0.0,0.0105,-0.0016,,,-0.0,,,,,,,,,,
pair_1710_nb,False Positive,,,,,,,,,,,,,,,,,,,,,,,,,,,,,,,,,,,,,,,,,,,,,,,,-0.0066,-0.5409,-0.0001,-0.2031,-0.0381,-0.0003,-0.0023,-0.1887,,-0.0,-0.2012,0.1137,-0.1247,-0.0143,0.1464,,,,,,,,,,,-0.0,,,,,,-0.5749,,0.2537,,0.3826,,,,0.0065,-0.0442,0.1975,,0.0,0.2661,,0.0006,,-0.0,,,,,,,,,,-0.2242,-0.0439,-0.3681,,-0.1537,,,-0.0,,-0.0612,-0.0524,0.1081,-0.1691,-0.1667,0.1292,,0.3638,-0.0001,-0.3352,,,,,,,,,,,,,,,-0.0128,,0.0724,,,,0.0,,,,,,,,,,,,,,0.0674,0.2532,,,0.392,0.7356,-0.0,-0.0002,0.2472,-0.2331,,,-0.1565,,,,,,,,,,
pair_1737_nb,False Positive,,,,,,,,,,,,,,,,,,,,,,,,,,,,,,,,,,,,,,,,,,,,,,,,-0.0001,-0.0104,,-0.0008,-0.0,,-0.0,-0.2331,,-0.0,-0.0007,0.0789,-0.0,0.3532,-0.0337,,,,,,,,,,,,,,,,,-0.2653,,-0.2824,,0.3528,-0.0088,-0.0051,-0.0118,-0.0129,-0.1279,0.1032,-0.0001,,-0.0002,,-0.0667,,,,,,,,,,,,-0.0007,,-0.0721,,-0.0018,,,,,-0.085,-0.2066,0.091,,,0.6497,,0.0948,-0.0,-0.0266,,,,,,,,,,,,,,,,,0.6864,,-0.0,,-0.0,,,-0.0001,-0.0,,,,,,,-0.0001,,-0.0,0.0101,0.3153,-0.0,-0.1077,0.077,0.3034,,-0.0083,0.8014,-0.0006,,,-0.0001,,,,,,,,,,
pair_1758_nb,False Positive,,,,,,,,,,,,,,,,,,,,,,,,,,,,,,,,,,-0.0,,,,,,,,,,,,,,-0.0001,-0.0678,-0.0,-0.0618,-0.1172,,,-0.0897,-0.0001,,-0.1468,0.2003,0.2959,0.3471,0.3981,,,,,,,,,,,,,,,,,-0.0661,,0.1577,0.0085,0.2045,,,,0.1429,-0.0413,0.1634,0.0195,-0.0093,-0.1064,,-0.8035,,,,,,,,,,,,-0.001,,,,-0.1966,,-0.0,-0.0054,-0.0099,-0.2921,-0.1885,-0.299,,,-0.6941,,-0.0351,,-0.1939,,,,,,,,,,,,,,,-0.0,,0.2322,,-0.0263,,-0.0003,,,,,,,,,,,,,,-0.0459,-0.0874,,,0.3692,0.2973,,-0.0023,0.3971,-0.0075,,-0.0,-0.0037,,,,,,,,,,
pair_1784_nb,False Positive,,,,,,,,,,,,,,,,,,,,,,,,,,,,,,,,,,,,,,,,,,,,,,-0.0,,,-0.0284,,-0.0022,-0.0054,,,-0.0465,,,-0.0858,0.0165,-0.0001,0.1742,-0.0003,,,-0.0,,,,,,,,-0.0,,,,,,-0.0081,-0.0,-0.0004,,0.6964,,,,0.014,0.0966,0.3319,-0.0,-0.0099,-0.009,,-0.0012,,-0.0001,,,,,,,,,-0.0345,-0.0001,-0.0,0.0907,,0.0756,-0.1162,-0.1257,-0.0216,-0.0064,0.0501,-0.0017,0.2929,-0.2015,-0.259,0.4028,,0.0521,-0.0003,-0.2028,,,,,,,,,,,,,,,,,0.0061,-0.0,-0.0001,,0.0428,,,-0.0,,,,,,,,-0.0,,,0.1434,0.478,-0.0,0.0628,0.2152,0.1883,-0.0086,-0.0809,-0.1726,-0.0005,,,-0.0008,,,,,,,,,,
pair_1785_nb,False Positive,,,,,,,,,,,,,,,,,,,,,,,,,,,,,,,,,,,,,,,,,,,,,,-0.0,,-0.0012,-0.3771,-0.0021,-0.0765,-0.2252,,,0.0539,,,-0.0214,0.1712,-0.0026,0.1537,0.2059,,,-0.0642,,-0.0082,,,,,,-0.0099,,,,,,-0.0,-0.0,-0.0025,,0.6868,,,-0.0,0.0248,-0.0022,0.2903,,,0.0,,-0.0213,-0.0,-0.0099,,,,,,,,,,-0.063,-0.0296,-0.0902,,0.0216,,,,-0.0,-0.0087,-0.0294,0.0773,-0.0001,-0.0,0.5419,,0.0939,-0.0028,-0.0456,,,,,,,,,,,,,,,,,-0.1748,-0.0,-0.0001,,,,,,,,-0.0,,,,,-0.0064,,,-0.1809,0.1291,-0.0,-0.0072,-0.1705,-0.1806,,-0.0004,-0.0051,-0.0,,,-0.0,,,,,,,,,,
pair_1792_nb,False Positive,,,,,,,,,,,,,,,,,,,,,,,,,,,,,,,,,,-0.0001,,,,,,,,,,,,,,-0.002,-0.0672,-0.0001,-0.1137,-0.0392,-0.0561,-0.0053,-0.0477,-0.0,-0.0003,-0.1557,0.1366,-0.0001,0.0324,0.0128,,,,,,,,,,,,,,,,,-0.4686,,0.2416,-0.0,-0.0015,,,-0.0,0.1325,-0.1593,-0.0564,0.0234,0.0705,-0.0889,-0.0014,-0.0375,,-0.0,,,,,,,,,,-0.0033,-0.0,-0.3159,,-0.1154,-0.0001,-0.0047,-0.0027,-0.0006,0.3029,-0.0005,0.0184,-0.0786,-0.0732,0.5808,,0.2043,-0.0,-0.0444,,,,,,,,,,,,,,,,,-0.2983,,,,-0.0,,,,,,,,,,,,,,-0.0211,0.0804,,-0.0008,0.2056,0.0429,-0.0007,-0.2024,-0.2165,-0.0574,,-0.0,-0.0608,,,,,,,,,,
pair_1835_nb,False Positive,,,,,,,,,,,,,,,,,,,,,,,,,,,,,,,,,,-0.0002,,,,,,,,,,,,,,,-0.0006,,,,,,-0.0002,,,-0.4172,0.2284,0.3601,0.5781,0.3267,,,,,,,,,,,,,,,,,,,0.005,,0.0456,,,,0.1014,0.1533,0.1377,,-0.0076,0.136,,,,,,,,,,,,,,-0.0001,-0.0,-0.4208,,-0.364,-0.0029,-0.3741,-0.3486,-0.0914,-0.1327,-0.0001,0.201,-0.2814,-0.3548,0.3512,,0.6531,-0.0,-0.0044,,,,,,,,,,,,,,,,,0.1789,,,,0.0119,,,,,,,,,,,,,,-0.0108,0.1223,,,0.2571,0.265,-0.0,,0.7343,0.4372,,,,,,,,,,,,,
pair_1847_nb,False Positive,,,,,,,,,,,,,,,,,,,,,,,,,,,,,,,,-0.0,,,,,,,,,,,,,,-0.0,,,-0.1027,-0.0089,-0.0073,-0.0139,,,0.0012,,,-0.2377,-0.0979,0.0901,0.0596,0.5455,,,-0.0,,,,,,,,-0.0123,,,,,,-0.0,,0.17,0.0506,0.3349,-0.0,,,0.0536,-0.0282,0.1533,0.0643,0.0534,0.4786,-0.0,0.079,,0.0008,,,,,,,,,,-0.0512,0.0133,0.0465,0.0,0.1139,-0.0,-0.0035,-0.1094,-0.1431,-0.0114,-0.0213,-0.0525,,,-0.2488,-0.0,0.1325,-0.0345,-0.1845,,,,,,,,,,,,,,,-0.0086,-0.0,-0.106,-0.0574,-0.0069,,-0.0001,,,,,,,,,,-0.0,,,-0.0,-0.0622,-0.0593,-0.0,-0.0003,0.2618,0.4504,-0.001,-0.0964,-0.1562,-0.0347,,,-0.0048,,,,,,,,,,
pair_1914_nb,False Positive,,,,,,,,,,,,,,,,,,,,,,,,,,,,,,,,,,,,,,,,,,,,,,,,-0.0036,-0.2359,-0.0001,-0.2798,-0.1147,-0.0029,-0.0,-0.0454,,,0.0098,0.1196,0.1365,0.095,0.1015,,,-0.0004,,,,,,,,,,,,,,-0.3848,,0.3258,0.0009,0.024,,,,0.0067,-0.0632,0.2979,0.022,0.0,0.1648,,-0.0723,,-0.0,,,,,,,,,,-0.0232,-0.0001,-0.2973,,-0.1533,,,-0.0001,-0.0004,-0.0088,-0.0255,-0.0849,-0.1057,-0.0969,0.2386,,0.0734,-0.0005,-0.2374,,,,,,,,,,,,,,,-0.0,,-0.0401,-0.0,,,0.0,,,,,,,,,,,,,,-0.0144,0.0116,,-0.0,0.5509,0.533,-0.0,-0.0,0.2266,-0.0111,,,-0.0283,,,,,,,,,,
pair_1922_nb,False Positive,,,,,,,,,,,,,,,,,,,,,,,,,,,,,,,,,,,,,,,,,,,,,,,,-0.4166,-0.779,-0.0033,-0.2363,-0.3673,-0.068,-0.0818,0.2586,,-0.0001,0.1379,0.5249,,0.1042,0.0954,,,,,,,,,,,-0.0001,,,,,,0.3655,,0.2849,,0.2057,,,,-0.128,0.14,0.0603,-0.0001,-0.0001,0.6001,,-0.1435,,-0.0018,,,,,,,,,,-0.2053,-0.0,0.0744,,0.2499,,-0.0,-0.0,-0.0001,-0.1302,,-0.0001,,,0.4414,,-0.0002,,-0.3511,,,,,,,,,,,,,,,,,-0.2482,,-0.0,,,,,,,,,,,,,,,-0.0,0.4952,0.6924,-0.0,-0.0001,0.5099,-0.1043,,,-0.1072,-0.1628,,,-0.0023,,,,,,,,,,
pair_1938_nb,False Positive,,,,,,,,,,,,,,,,,,,,,,,,,,,,,,,,,,,,,,,,,,,,,,,,-0.0,-0.1009,-0.0003,-0.0044,-0.011,,-0.0,-0.0498,,-0.0,0.0176,0.0332,-0.0001,0.2497,0.0913,,,,,,,,,,,,,,,,,-0.0511,,0.0476,-0.0001,0.2126,,,,0.0045,-0.0008,-0.0,0.3965,-0.0,0.0182,,-0.0181,,-0.0026,,,,,,,,,,-0.1704,-0.0237,-0.0017,,-0.3444,,,,,0.0267,-0.0025,0.0041,-0.3343,-0.3218,0.1263,,0.1828,-0.0239,0.1619,,,,,,,,,,,,,,,0.0001,,0.7133,-0.0001,-0.0001,,0.0005,,,,,,,,,,,,,,-0.0111,0.2898,,,0.7278,0.3071,,,0.0651,0.0018,,,0.0004,,,,,,,,,,
pair_1961_nb,False Positive,,,,,,,,,,,,,,,,,,,,,,,,,,,,,,,,,,,,,,,,,,,,,,,,-0.0,-0.1734,,-0.0018,-0.0136,,,-0.2006,,,-0.3451,0.0804,-0.0,0.0967,0.0993,,,,,,,,,,,,,,,,,-0.0116,,0.2641,,0.3269,-0.0,,,0.2588,0.3346,0.357,-0.0001,0.0816,0.0952,-0.0001,0.0111,,-0.0,,,,,,,,,,-0.0316,-0.0022,-0.0202,-0.0,-0.0169,-0.0002,-0.003,-0.0038,-0.0019,0.2057,-0.0026,0.1996,-0.1995,-0.2242,0.1452,,0.097,-0.0004,-0.2439,,,,,,,,,,,,,,,,,0.1527,-0.0,-0.0,,0.0002,,,,,,,,,,,-0.0001,,,-0.0033,0.1009,,,0.4526,0.5858,,-0.0,0.0241,-0.0027,,,-0.0203,,,,,,,,,,
